,store,sido,gungu,store_address,_merge
0,흥덕지구점,경기도,용인시,"경기도 용인시 기흥구  흥덕1로 79번길 9, 105호",both
1,풍덕천2동점,경기도,용인시,경기도 용인시 수지구 풍덕천2동 504-10번지 104호,both
2,죽전단국대점,경기도,용인시,"경기도 용인시수지구  죽전로 164, 102호",both
3,용인죽전1호점,경기도,용인시,경기도 용인시 수지구 죽전동 425-2번지 108호,both
4,용인양지점,경기도,용인시,"경기도 용인시처인구  양지로 143번길 5-5 1층 1,2호",both
5,용인신갈점,경기도,용인시,경기도 용인시 기흥구  구갈로 60번길 11,both
6,용인성복점,경기도,용인시,경기도 용인시수지구 성복동 134번지 302호,both
7,용인보라점,경기도,용인시,"경기도 용인시기흥구  한보라1로 42-4., 105호",both
8,용인둔전점,경기도,용인시,경기도 용인시 처인구 포곡읍 둔전리 405-19 105호,both
9,용인동천점,경기도,용인시,"경기도 용인시 수지구  수풍로117번길 2-2, 102호",both
10,용인김량장동점,경기도,용인시,경기도 용인시 처인구 김량장동 337-12번지,both
11,용인구성점,경기도,용인시,경기도 용인시 기흥구  마북로 98,both
12,신봉점,경기도,용인시,경기도 용인시 수지구 신봉동 50-2번지 뉴골드프라자 106호,both
13,상현2동점,경기도,용인시,경기도 용인시 수지구 상현2동 54-5 가동 102호,both
14,동백점,경기도,용인시,"경기도 용인시 기흥구  동백3로 11번길 33, 106호",both
15,광교1호점,경기도,용인시,"경기도 용인시 수지구  광교중앙로 315, 광교티타워102호",both
16,휘닉스점,강원도,평창군,강원도 평창군 봉평면 무이리 694-14번지 1층,both
17,진부점,강원도,평창군,강원도 평창군 진부면 진부중앙로 53,both
18,알펜시아점,강원도,평창군,강원도 평창군 대관령면 솔봉로 325,both
19,대관령점,강원도,평창군,강원도 평창군 대관령면 눈마을길 49,both
20,강원장평점,강원도,평창군,"강원도 평창군 용평면 금송1길 49, 1층",both
21,후곡점,경기도,고양시,경기도 고양시 일산서구  일산로 576,both
22,행신2호점,경기도,고양시,"경기도 고양시 덕양구  중앙로 478, 109호",both
23,탄현점,경기도,고양시,경기도 고양시일산서구 현중로 26번길 81,both
24,중산점,경기도,고양시,경기도 고양시 일산동구  탄중로 431번길 32 031-975-9291,both
25,주엽2동점,경기도,고양시,"경기도 고양시 일산서구  중앙로 1471, 105호",both
26,정발산점,경기도,고양시,경기도 고양시 일산동구  산두로 239,both
27,일산식사점,경기도,고양시,"경기도 고양시일산서구  위시티3로 75, 1층",both
28,일산마두점,경기도,고양시,경기도 고양시 일산동구  일산로 241,both
29,일산가좌점,경기도,고양시,경기도 고양시 일산서구 가좌동 392-22번지 오성프라자 101호,both
30,삼송1호점,경기도,고양시,경기도 고양시 덕양구 동산동 355-1번지,both
31,대화점,경기도,고양시,경기도 고양시 일산서구  강성로214번길 16-10,both
32,능곡점,경기도,고양시,경기도 고양시 덕양구  지도로 35번길 12-22,both
33,고양화정2동점,경기도,고양시,경기도 고양시 덕양구 성신로 10 101(화정동),both
34,고양화정1동점,경기도,고양시,경기도 고양시 덕양구 화정동 923-11번지,both
35,고양성사점,경기도,고양시,경기도 고양시 덕양구  호국로 790번길 42-4,both
36,경기고양점,경기도,고양시,경기도 고양시 덕양구  읍내로 83-7,both
37,효자중화산1호점,전라북도,전주시,전라북도 전주시완산구  안행로 154,both
38,전주효자중화산2호점,전라북도,전주시,전라북도 전주시 완산구 효자동1가 623-4번지,both
39,전주평화점,전라북도,전주시,전라북도 전주시 완산구  평화17길 9-8,both
40,전주진북점,전라북도,전주시,전라북도 전주시 덕진구 진북동 434-45번지,both
41,전주아중점,전라북도,전주시,전라북도 전주시 덕진구  무삼지로 53,both
42,전주서신점,전라북도,전주시,전라북도 전주시 완산구  전룡로 28,both
43,전주삼천점,전라북도,전주시,전라북도 전주시 완산구  송정2길 28,both
44,전북혁신도시점,전라북도,전주시,"전라북도 전주시 완산구  오정2길 32, 201호",both
45,우아호성점,전라북도,전주시,전라북도 전주시 덕진구  우아로 28,both
46,송천에코점,전라북도,전주시,전라북도 전주시덕진구 송천로 112-42,both
47,서부신시가지점,전라북도,전주시,전라북도 전주시완산구  후곡길 23-11,both
48,서곡지구점,전라북도,전주시,"전라북도 전주시완산구  서곡1길 1-4 , 1층",both
49,동산반월점,전라북도,전주시,"전라북도 전주시덕진구  쪽구름로 19, 상가1동 101호",both
50,덕진금암점,전라북도,전주시,전라북도 전주시덕진구  조경단로 59,both
51,회덕점,경기도,광주시,경기도 광주시  이배재로 108,both
52,신현점,경기도,광주시,"경기도 광주시 오포읍 능평리 태재로 111, 1층",both
53,광주초월점,경기도,광주시,"경기도 광주시 초월읍 경충대로 1127번길 55, B106호",both
54,광주오포점,경기도,광주시,경기도 광주시 오포읍 양벌리 562-8번지,both
55,광주송정점,경기도,광주시,경기도 광주시 송정동 110-8번지,both
56,곤지암점,경기도,광주시,경기도 광주시 곤지암읍 평촌길 60,both
57,황상인의점,경상북도,구미시,경상북도 구미시  여현로 80,both
58,장천산동점,경상북도,구미시,"경상북도 구미시 산동면 산호대로39길16, 1동 101호",both
59,옥계구포점,경상북도,구미시,경상북도 구미시  산호대로 25길 25-38,both
60,신평비산점,경상북도,구미시,경상북도 구미시  구미대로30길 26,both
61,구미형곡점,경상북도,구미시,경상북도 구미시  형곡동로 70,both
62,구미인동점,경상북도,구미시,경상북도 구미시  인동16길 24-4,both
63,구미송정원평점,경상북도,구미시,경상북도 구미시 신시로14길 50,both
64,구미상모사곡점,경상북도,구미시,경상북도 구미시 사곡동 703-5 호수빌1층,both
65,구미봉곡점,경상북도,구미시,"경상북도 구미시 봉곡동 봉곡남로9길 7, 1층 101호",both
66,구미문성점,경상북도,구미시,"경상북도 구미시 고아읍 들성로 7길 19, 1층",both
67,구미도량점,경상북도,구미시,경상북도 구미시 야은로 413,both
68,화천점,강원도,화천군,강원도 화천군 화천읍 중앙로 37번지,both
69,화양점,서울특별시,광진구,"서울특별시 광진구   능동로19길 53, 1층",both
70,중곡4동점,서울특별시,광진구,서울특별시 광진구 중곡동 79-16번지,both
71,중곡1동점,서울특별시,광진구,"서울특별시 광진구 중곡동 162-12번지, 1층",both
72,자양점,서울특별시,광진구,서울특별시 광진구  뚝섬로 41길 8,both
73,군자점,서울특별시,광진구,서울특별시 광진구  군자로 168,both
74,구의1동점,서울특별시,광진구,"서울특별시 광진구  자양로 173, 간씨빌딩",both
75,광장점,서울특별시,광진구,서울특별시 광진구  아차산로 70길 75 광장현대아파트,both
76,화성반월점,경기도,화성시,"경기도 화성시  효행로1265번길 17, 101호",both
77,화성마도점,경기도,화성시,경기도 화성시 마도면 두곡서길 35 1층,both
78,화성남양점,경기도,화성시,경기도 화성시 남양동 남양도시개발구역 2-1블럭 화성남양상가 103,both
79,향남지구점,경기도,화성시,경기도 화성시 향납읍 행정서로3길 4-16,both
80,향남2지구점,경기도,화성시,경기도 화성시 향남읍 상신하길로298번길 7-27(1층 111호),both
81,진안점,경기도,화성시,경기도 화성시 진안동 863-1,both
82,봉담1호점,경기도,화성시,"경기도 화성시 봉담읍 상봉길 31, 지맨프라자 119-1호",both
83,병점2동점,경기도,화성시,경기도 화성시 병점동 826-3번지 101호,both
84,동탄영천점,경기도,화성시,경기도 화성시  지산2길 26,both
85,동탄3동점,경기도,화성시,경기도 화성시 능동 1083 동탄능동마을 주공 아파트 가 상가동 101호,both
86,동탄1동점,경기도,화성시,경기도 화성시 반송동 24-3,both
87,화서1동점,경기도,수원시,경기도 수원시 팔달구 화서동 219-1번지 101호,both
88,호매실점,경기도,수원시,"경기도 수원시권선구  서수원로523번길 30-35, 101호",both
89,인계동수원점,경기도,수원시,경기도 수원시팔달구 인계동 167-8,both
90,우만1동점,경기도,수원시,경기도 수원시 팔달구  세지로 440,both
91,오목천점,경기도,수원시,경기도 수원시권선구  오목천로 31,both
92,영통2동점,경기도,수원시,경기도 수원시 영통구 영통2동 77-2번지,both
93,영통1동점,경기도,수원시,경기도 수원시 영통구 영통동 998-1번지,both
94,수원조원1동점,경기도,수원시,경기도 수원시 장안구  조원로 111번길 31,both
95,수원정자3동점,경기도,수원시,경기도 수원시 장안구 천천동 481-5 1층,both
96,수원정자2동점,경기도,수원시,경기도 수원시 장안구 정자2동 46-41번지,both
97,수원인계점,경기도,수원시,경기도 수원시 팔달구 인계동 1008-24,both
98,수원율전점,경기도,수원시,"경기도 수원시장안구  서부로2197번길 40, 101호",both
99,수원영화점,경기도,수원시,경기도 수원시장안구  정조로934번길 46,both
100,수원역점,경기도,수원시,경기도 수원시팔달구  매산로52번길 8-1,both
101,수원망포점,경기도,수원시,"경기도 수원시 영통구  영통로 127, 102호",both
102,서둔탑동점,경기도,수원시,경기도 수원시 권선구  서둔로 221,both
103,매탄3동점,경기도,수원시,경기도 수원시영통구  인계로270번길 11-3,both
104,매탄1동점,경기도,수원시,경기도 수원시 영통구  매여울로 49,both
105,권선2동점,경기도,수원시,경기도 수원시 권선구 권선동 1259-8번지,both
106,곡반정점,경기도,수원시,경기도 수원시 권선구 곡반정동 563-7번지 101호,both
107,화북삼양점,제주특별자치도,제주시,제주도 제주시  진동로1길 13,both
108,제주함덕점,제주특별자치도,제주시,제주도 제주시 조천읍 함덕24길 6-6,both
109,제주한림점,제주특별자치도,제주시,제주도 제주시 한림읍 한림로 653,both
110,제주외도점,제주특별자치도,제주시,"제주도 제주시  우정로18길 12, 1층",both
111,제주연동점,제주특별자치도,제주시,제주특별자치도 제주시 연동 274-21,both
112,제주애월점,제주특별자치도,제주시,제주도 제주시 애월읍 고내리 1097,both
113,제주아라점,제주특별자치도,제주시,제주도 제주시 아라1동  1718-3 원신아파트 상가 1층,both
114,제주신촌점,제주특별자치도,제주시,"제주특별자치도 제주시 조천읍 신북로99,1층",both
115,제주서사라점,제주특별자치도,제주시,제주도 제주시  서사로 149,both
116,제주노형점,제주특별자치도,제주시,제주도 제주시  정존13길 14,both
117,일도동광초점,제주특별자치도,제주시,제주특별자치도 제주시  연수로3길 7,both
118,용담점,제주특별자치도,제주시,제주특별차지도 제주시 용담로70,both
119,오라점,제주특별자치도,제주시,"제주도 제주시 오라삼동 2995-1, 지하",both
120,화곡본동점,서울특별시,강서구,서울특별시 강서구 화곡본동 29-27번지,both
121,화곡4동점,서울특별시,강서구,서울특별시 강서구 화곡4동 827-8번지,both
122,우장산동점,서울특별시,강서구,서울특별시 강서구  화곡로31길 18,both
123,방화역점,서울특별시,강서구,서울특별시 강서구 방화동 830-1 에어뷰오피스텔2 101호,both
124,마곡나루역점,서울특별시,강서구,"서울특별시 강서구  마곡중앙로 161-22, 1층 112호",both
125,마곡1호점,서울특별시,강서구,"서울특별시 강서구  공항대로 140, 1205동 102-2호",both
126,등촌2동점,서울특별시,강서구,서울특별시 강서구  등촌로53길 13,both
127,가양점,서울특별시,강서구,서울특별시 강서구 가양동 1479-3번지 1층 104호,both
128,홍천점,강원도,홍천군,강원도 홍천군 홍천읍 연봉리 502-5번지,both
129,홍제2호점,서울특별시,서대문구,"서울특별시 서대문구  문화촌길 34, 아동 지층 1호",both
130,홍제1호점,서울특별시,서대문구,서울특별시 서대문구 홍제동 155-6번지,both
131,홍은2동점,서울특별시,서대문구,"서울특별시 서대문구  백련사길 6, 1층",both
132,신촌점,서울특별시,서대문구,서울특별시 서대문구  연세로 42-32,both
133,서대문연희점,서울특별시,서대문구,서울특별시 서대문구  연희로 181,both
134,북아현점,서울특별시,서대문구,"서울특별시 서대문구  북아현로1길 50, 상가1동 106호",both
135,북가좌1호점,서울특별시,서대문구,서울특별시 서대문구  증가로 223,both
136,독립문점,서울특별시,서대문구,서울특별시 서대문구  독립문로 16,both
137,남가좌1호점,서울특별시,서대문구,서울특별시 서대문구  가재울로 4길 57-2,both
138,홍성읍점,충청남도,홍성군,충청남도 홍성군 홍성읍 문화로 33번길 10,both
139,내포신도시1호점,충청남도,홍성군,"충청남도 홍성군 홍북면 상하천로 31, 117호",both
140,홍농읍점,전라남도,영광군,"전라남도 영광군 홍농읍 상하길 33, 102호",both
141,전남영광점,전라남도,영광군,전라남도 영광군 영광읍 옥당로 123,both
142,호평점,경기도,남양주시,경기도 남양주시 호평동 615-6,both
143,평내점,경기도,남양주시,경기도 남양주시  경춘로1286번안길 4-2,both
144,퇴계원점,경기도,남양주시,"경기도 남양주시 퇴계원면 퇴계원로 74, 2층 우측호",both
145,진접지구점,경기도,남양주시,경기도 남양주시 해밀예당2로 117,both
146,별내2호점,경기도,남양주시,"경기도 남양주시  순화궁로 382-1, 별사랑마을2-2단지상가 104호",both
147,별내1호점,경기도,남양주시,경기도 남양주시 별내동 1014-4번지 101호,both
148,마석점,경기도,남양주시,경기도 남양주시 화도읍 마석우리 357-7,both
149,도농점,경기도,남양주시,경기도 남양주시  도농로중촌2길 26-21,both
150,남양주창현점,경기도,남양주시,경기도 남양주시  경춘로창벌1길 19,both
151,남양주진접점,경기도,남양주시,경기도 남양주시 진접읍 장현로 131,both
152,남양주월산점,경기도,남양주시,"경기도 남양주시 화도읍 경춘로2290번길 3,상가1동102호",both
153,남양주와부1호점,경기도,남양주시,경기도 남양주시 와부읍 수레로 58,both
154,남양주오남점,경기도,남양주시,경기도 남양주시 오남읍 130번지 102호,both
155,남양주사능점,경기도,남양주시,경기도 남양주시 진건읍 진건오남로 105번길 15,both
156,가곡수동점,경기도,남양주시,경기도 남양주시 수동면 비룡로 716,both
157,호원1호점,경기도,의정부시,"경기도 의정부시 호원동 419 상가동 1층 104,105호(현대아파트)",both
158,의정부용현점,경기도,의정부시,경기도 의정부시  용민로 75-27,both
159,의정부민락점,경기도,의정부시,"경기도 의정부시  오목로 168, 산들마을 제동상가 104호",both
160,의정부동점,경기도,의정부시,경기도 의정부시  신흥로 196,both
161,의정부녹양점,경기도,의정부시,경기도 의정부시 녹양동 326-2,both
162,신곡2동점,경기도,의정부시,"경기도 의정부시  부용로210번길 17, 101호",both
163,신곡1동점,경기도,의정부시,경기도 의정부시  발곡로31번길 15,both
164,민락2지구점,경기도,의정부시,경기도 의정부시  용민로 249 골든타워 101호,both
165,호수동점,경기도,안산시단원구,"경기도 안산시단원구  광덕2로 194-8,108호",left_only
166,와동점,경기도,안산시단원구,경기도 안산시단원구  753-9 번지 1층,left_only
167,현풍점,대구광역시,달성군,대구광역시 달성군 현풍면 현풍중앙로14길 85,both
168,유가점,대구광역시,달성군,"대구광역시 달성군 유가면 테크노중앙대로6길 20, 1층",both
169,대구화원점,대구광역시,달성군,대구광역시 달성군 화원읍  천내리 118번지 창신맨션 상가 1동 2호,both
170,대구다사점,대구광역시,달성군,대구광역시 달성군 다사읍 대실역북로3길 9,both
171,행당점,서울특별시,성동구,서울특별시 성동구  행당로 79,both
172,성수1호점,서울특별시,성동구,서울특별시 성동구 성수1가2동 13-382 1층,both
173,금호1가응봉점,서울특별시,성동구,서울특별시 성동구 금호동1가 1801-2 1층,both
174,해운대중동점,부산광역시,해운대구,"부산광역시 해운대구  달맞이길65번길 15, 103호",both
175,해운대좌4동점,부산광역시,해운대구,부산광역시 해운대구 좌4동 1413번지 삼상@ 분산상가 103호,both
176,"좌1,3동점",부산광역시,해운대구,"부산광역시 해운대구  대천로67번길 15, 112호",both
177,부산좌동점,부산광역시,해운대구,부산광역시 해운대구  좌동순환로 275,both
178,부산재송점,부산광역시,해운대구,부산광역시 해운대구  해운대로143번길 51,both
179,부산우동점,부산광역시,해운대구,부산광역시 해운대구  우동1로 45,both
180,부산우2동점,부산광역시,해운대구,"부산광역시 해운대구  해운대로 361, 103호",both
181,부산반여점,부산광역시,해운대구,부산광역시 해운대구 반여1동 908-15번지,both
182,부산반여2호점,부산광역시,해운대구,부산광역시 해운대구  재반로 242번길 29-70,both
183,부산반송점,부산광역시,해운대구,"부산광역시 해운대구  윗반송로 51번길 46-1, 1층",both
184,해남점,전라남도,해남군,전라남도 해남군 해남읍 중앙2로 33,both
185,함열점,전라북도,익산시,전라북도 익산시 함열읍 함열1길 28,both
186,익산영등점,전라북도,익산시,전라북도 익산시  무왕로 15길 5-4,both
187,익산어양점,전라북도,익산시,"전라북도 익산시  무왕로19길 18, 103호",both
188,익산신동점,전라북도,익산시,전라북도 익산시  익산대로68길 26,both
189,익산부송점,전라북도,익산시,전라북도 익산시  무왕로26길 21,both
190,익산모현점,전라북도,익산시,전라북도 익산시 모현동1가 821,both
191,익산동산점,전라북도,익산시,전라북도 익산시  서동로18길 46,both
192,함안칠원점,경상남도,함안군,경상남도 함안군 칠원읍 구성길 43,both
193,함안가야점,경상남도,함안군,경상남도 함안군 가야읍 가야로 135,both
194,한성대점,서울특별시,성북구,서울특별시 성북구  삼선교로2길 3,both
195,하월곡점,서울특별시,성북구,"서울특별시 성북구  오패산로 10길 46, 102호",both
196,종암점,서울특별시,성북구,"서울특별시 성북구  종암로 19길 46, 103호",both
197,정릉역점,서울특별시,성북구,"서울특별시 성북구 정릉로 26길 8, 제상가동 1층",both
198,정릉1호점,서울특별시,성북구,서울특별시 성북구  보국문로16길 74,both
199,성신여대점,서울특별시,성북구,서울특별시 성북구 동선2가 145번지,both
200,석관점,서울특별시,성북구,"서울특별시 성북구  돌곶이로 21, 1층",both
201,길음1동점,서울특별시,성북구,"서울특별시 성북구  길음로 74, 2-107",both
202,한남대점,대전광역시,동구,대전광역시 동구  홍도로 54,both
203,용운판암점,대전광역시,동구,대전광역시 동구  새울로91번길2,both
204,비래가양점,대전광역시,동구,대전광역시 동구 가양동 28-12번지,both
205,대전우송대점,대전광역시,동구,대전광역시 동구 소제동 299-376,both
206,대전가오점,대전광역시,동구,대전광역시 동구 가오동 461번지,both
207,학익점,인천광역시,남구,인천광역시 남구 매소홀로 409,both
208,주안3호점,인천광역시,남구,인천광역시 남구  미추홀대로 591,both
209,인천주안2호점,인천광역시,남구,인천광역시 남구  석정로 379,both
210,인천주안1호점,인천광역시,남구,인천광역시 남구 주안1동 109-9번지 102호,both
211,인천용현2점,인천광역시,남구,인천광역시 남구  낙섬중로 72,both
212,인천숭의점,인천광역시,남구,인천광역시 남구  수봉로 6-15,both
213,용현1호점,인천광역시,남구,인천광역시 남구 용현동 2-9,both
214,"하안3,4동점",경기도,광명시,경기도 광명시  하안로 254,both
215,"철산3,4동점",경기도,광명시,경기도 광명시  도덕공원로 23,both
216,소하2동점,경기도,광명시,경기도 광명시  성채로 50번길 33,both
217,소하1동점,경기도,광명시,경기도 광명시 소하1동 1324번지 주공아파트 상가 (후문),both
218,"광명3,4동점",경기도,광명시,경기도 광명시 광명동 158-321,both
219,하복대점,충청북도,청주시,충청북도 청주시흥덕구  죽천로 120,both
220,충북옥산점,충청북도,청주시,충청북도 청주시 흥덕구 옥산면 가락길 60 코오롱하늘채 201~2,both
221,청주율량사천점,충청북도,청주시,충청북도 청주시청원구  율천북로 55,both
222,청주용암점,충청북도,청주시,충청북도 청주시 상당구 용암동 2183번지,both
223,청주봉명점,충청북도,청주시,충청북도 청주시 흥덕구  과상미로 62,both
224,청주금천점,충청북도,청주시,충청북도 청주시 상당구  중고개로 273번길 64,both
225,청주강서지구점,충청북도,청주시,충청북도 청주시흥덕구  서현북로 24,both
226,청주가경점,충청북도,청주시,충청북도 청주시 흥덕구  장구봉로 26번길 44,both
227,율량2지구점,충청북도,청주시,충청북도 청주시청원구 주성로 289,both
228,오창2산단점,충청북도,청주시,충청북도 청주시청원구  2산단로185-1,both
229,오송점,충청북도,청주시,충청북도 청주시흥덕구 만수길 14-4,both
230,복대개신점,충청북도,청주시,충청북도 청주시 흥덕구  신율로 117,both
231,내수점,충청북도,청주시,"충청북도 청주시청원구 내수읍 청암로 37,104호",both
232,내덕우암점,충청북도,청주시,충청북도 청주시청원구  중앙로 191-2,both
233,하당지구점,전라남도,목포시,전라남도 목포시  옥암로96번길 14,both
234,상동하당점,전라남도,목포시,전라남도 목포시  상리로15번길 15,both
235,목포이로점,전라남도,목포시,"전라남도 목포시  삼학로 331, 금호상가102호",both
236,목포용해점,전라남도,목포시,전라남도 목포시  포미로10번길 8,both
237,목포연산북항점,전라남도,목포시,전라남도 목포시 산정동 1766-9,both
238,목포삼학점,전라남도,목포시,전라남도 목포시  둥근섬로 48-1,both
239,대성죽교점,전라남도,목포시,전라남도 목포시  양을로 1-2,both
240,하늘도시1호점,인천광역시,중구,"인천광역시 중구  하늘달빛로 64번길 6-3, 스카이프라자 105호",both
241,인천신포점,인천광역시,중구,인천광역시 중구  제물량로 158-1,both
242,운서점,인천광역시,중구,"인천광역시 중구  신도시남로141번길 16, 102호",both
243,하남신장점,경기도,하남시,경기도 하남시 신장동 427-134번지,both
244,미사수변점,경기도,하남시,"경기도 하남시  미사강변중앙로 111번길 26, 1층",both
245,미사1호점,경기도,하남시,"경기도 하남시  미사강변북로30번길 37, 1층",both
246,"덕풍1,2동점",경기도,하남시,경기도 하남시 덕풍동 342-32,both
247,풍향산수점,광주광역시,북구,광주광역시 북구 풍향동 579-5번지,both
248,첨단2호점,광주광역시,북구,광주광역시 북구  첨단연산로91번길 44 (대성빌딩 112호),both
249,매곡오치점,광주광역시,북구,광주광역시 북구  매곡로 76,both
250,광주중흥점,광주광역시,북구,광주광역시 북구  우치로 27번길 26,both
251,광주일곡점,광주광역시,북구,광주광역시 북구  일곡택지로 55,both
252,광주운암점,광주광역시,북구,광주광역시 북구 운암동 885-56번지,both
253,광주용봉점,광주광역시,북구,"광주광역시 북구 서암대로 74-1, 103호",both
254,광주양산점,광주광역시,북구,광주광역시 북구  양산택지로 89,both
255,광주문흥점,광주광역시,북구,"광주광역시 북구 천지인로 173번길 22, A-102(문흥동,광명상가)",both
256,광주두암점,광주광역시,북구,"광주광역시 북구  삼정로 71, 104호",both
257,풍납1호점,서울특별시,송파구,서울특별시 송파구  풍성로24길 40,both
258,장지역점,서울특별시,송파구,서울특별시 송파구  송이로36길 37,both
259,잠실본동점,서울특별시,송파구,서울특별시 송파구 잠실본동 222-10 1층,both
260,잠실2호점,서울특별시,송파구,서울특별시 송파구  석촌호수로 135,both
261,잠실1호점,서울특별시,송파구,서울특별시 송파구  올림픽로 35길 104-108,both
262,오금점,서울특별시,송파구,서울특별시 송파구  마천로 196,both
263,송파점,서울특별시,송파구,"서울특별시 송파구  송이로2길 3, 1층",both
264,석촌점,서울특별시,송파구,서울특별시 송파구  송파대로45길 16,both
265,삼전점,서울특별시,송파구,서울특별시 송파구  백제고분로21길 20,both
266,방이점,서울특별시,송파구,서울특별시 송파구  가락로 267,both
267,문정점,서울특별시,송파구,서울특별시 송파구  동남로6길 41-10,both
268,거여2동점,서울특별시,송파구,서울특별시 송파구 거여동 35번지 1층,both
269,가락본동점,서울특별시,송파구,서울특별시 송파구  송파대로30길 41-34,both
270,풍기점,경상북도,영주시,경상북도 영주시 풍기읍 기주로 89,both
271,영주휴천점,경상북도,영주시,경상북도 영주시  지천로 108,both
272,영주가흥점,경상북도,영주시,경상북도 영주시 가흥동 1810-1,both
273,경북영주점,경상북도,영주시,경상북도 영주시 하망동 549-5번지,both
274,표선점,제주특별자치도,서귀포시,제주도 서귀포시 표선면 표선중앙로 106,both
275,제주중문점,제주특별자치도,서귀포시,제주도 서귀포시  천제연로 183-1,both
276,제주영어도시점,제주특별자치도,서귀포시,제주특별자치도 서귀포시 대정읍 에듀시티로 23 상가동 105호,both
277,제주동홍점,제주특별자치도,서귀포시,제주도 서귀포시  일주동로 8588,both
278,신시가지점,제주특별자치도,서귀포시,제주도 서귀포시  신서귀로 43,both
279,봄그리고가을리조트,제주특별자치도,서귀포시,"제주도 서귀포시 성산읍 해맞이해안로 2660, 1층
",both
280,모슬포점,제주특별자치도,서귀포시,제주도 서귀포시 대정읍 화모리 1238-6번지,both
281,포항흥해점,경상북도,포항시,경상북도 포항시 북구 흥해읍 한동로 40번길 20,both
282,포항효곡점,경상북도,포항시,경상북도 포항시 남구  효자동길10번길 27,both
283,포항죽도점,경상북도,포항시,"경상북도 포항시 북구 죽파로 24, 1층 101호",both
284,포항오천점,경상북도,포항시,"경상북도 포항시 남구 오천읍 해병로 127, 214동 107호",both
285,포항양포점,경상북도,포항시,경상북도 포항시남구  동해안로3268,both
286,포항양덕점,경상북도,포항시,경상북도 포항시 북구 양덕동 1779번지,both
287,포항두호우현점,경상북도,포항시,"경상북도 포항시 북구  새천년대로 1020길 12, 213동 106호",both
288,포항동해점,경상북도,포항시,경상북도 포항시남구  일월로 100,both
289,포항대이양학점,경상북도,포항시,"경상북도 포항시 북구  이동로 48-1, 205호",both
290,연일유강점,경상북도,포항시,경상북도 포항시남구 연일읍 생지리 244-1번지,both
291,구룡포점,경상북도,포항시,경상북도 포항시 남구 구룡포읍 호미로 253-2,both
292,포천점,경기도,포천시,경기도 포천시  원앙로 18-2,both
293,포천일동점,경기도,포천시,경기도 포천시 일동면 기산6리 91-36,both
294,포천운천점,경기도,포천시,경기도 포천시 영북면 운천로 6-1,both
295,송우리점,경기도,포천시,경기도 포천시 소흘읍 송우로 55-5,both
296,평택포승점,경기도,평택시,경기도 평택시 포승읍 도곡리 1141-17,both
297,평택팽성점,경기도,평택시,"경기도 평택시 팽성읍 송화택지로 72, A 1층",both
298,평택안중점,경기도,평택시,경기도 평택시 안중읍 안현로서7길 10,both
299,평택고덕점,경기도,평택시,"경기도 평택시 고덕면 효덕새싹길 24-3, 101호",both
300,청북점,경기도,평택시,경기도 평택시 청북읍 옥길리 1165-5,both
301,지산신장점,경기도,평택시,경기도 평택시  탄현로 311,both
302,이충장당점,경기도,평택시,경기도 평택시 서정동 1104-7번지,both
303,용이동점,경기도,평택시,"경기도 평택시  현신3길 4, 102호",both
304,소사벌점,경기도,평택시,경기도 평택시  비전6길 2-14,both
305,세교통복점,경기도,평택시,경기도 평택시  통복시장로 54번길 16-7,both
306,비전2동점,경기도,평택시,경기도 평택시 비전2동 855-1번지,both
307,평촌스마트점,경기도,안양시,"경기도 안양시 동안구 관양동 시민대로327번길 7, 1층(대명글로벌 비즈스퀘어)",both
308,안양중앙시장점,경기도,안양시,경기도 안양시 만안구  냉천로 193번길 42 안양4동 711-120,both
309,안양박달점,경기도,안양시,경기도 안양시 만안구  박달로 506,both
310,안양관양점,경기도,안양시,경기도 안양시 동안구 관양1동 1386-18번지,both
311,안양7동점,경기도,안양시,"경기도 안양시 만안구  태평로 52번길 37, 지상 1층 110호",both
312,석수2동점,경기도,안양시,경기도 안양시 만안구  안양로 532번길 27,both
313,부흥달안점,경기도,안양시,"경기도 안양시동안구  동안로 194, 1층 117호",both
314,귀인평안점,경기도,안양시,"경기도 안양시동안구 평촌동 915-5번지, 1층",both
315,파주교하점,경기도,파주시,경기도 파주시  책향기로 369,both
316,운정2호점,경기도,파주시,"경기도 파주시  한울로 84, 518동 102호",both
317,운정1호점,경기도,파주시,"경기도 파주시  가온로 27, 월드아파트상가 108호",both
318,봉일천점,경기도,파주시,경기도 파주시 조리읍 봉일천리 142-3번지,both
319,문산점,경기도,파주시,경기도 파주시 문산읍 독산로 31-1,both
320,금촌점,경기도,파주시,경기도 파주시  새꽃로 96번지,both
321,금촌3동점,경기도,파주시,"경기도 파주시 아동동 경의로 1833, 1층일부",both
322,광탄점,경기도,파주시,경기도 파주시 광탄면 혜음로 1122,both
323,통진점,경기도,김포시,경기도 김포시 통진읍 서암리 1113 서암주공아파트 제상가동 101호,both
324,운양점,경기도,김포시,경기도 김포시  김포한강11로 288-27,both
325,북변사우점,경기도,김포시,경기도 김포시 사우동 1066번지,both
326,마산점,경기도,김포시,"경기도 김포시  김포한강8로162번길 10,, 제1층 제102호",both
327,김포풍무점,경기도,김포시,경기도 김포시 풍무동 425번지 102호,both
328,김포장기점,경기도,김포시,경기도 김포시 장기동 1636번지 고창마을 제일풍경채상가동 102호,both
329,구래1호점,경기도,김포시,경기도   김포시   김포한강9로12번길 97-14 101호,both
330,감정점,경기도,김포시,"경기도 김포시  북변1로 36, 106호",both
331,통영죽림점,경상남도,통영시,경상남도 통영시 광도면 죽림4로 23-48,both
332,통영무전북신점,경상남도,통영시,경상남도 통영시  안개로 30,both
333,통영도남미수점,경상남도,통영시,경상남도 통영시  도남로 81,both
334,"태평2,4동점",경기도,성남시,"경기도 성남시 수정구  탄리로 96번길 20, 102호",both
335,"정자2,3동점",경기도,성남시,"경기도 성남시 분당구  내정로 54, 한솔마을 나상가동 104호",both
336,정자1동점,경기도,성남시,경기도 성남시분당구  내정로119번길 17,both
337,이매점,경기도,성남시,"경기도 성남시분당구  이매로 13, 108호",both
338,은행동점,경기도,성남시,경기도 성남시 중원구 은행동 701번지 1층,both
339,위례1호점,경기도,성남시,경기도 성남시수정구 창곡동 544-2,both
340,야탑3동점,경기도,성남시,경기도 성남시분당구  벌말로 29번길 18,both
341,"야탑1,2동점",경기도,성남시,"경기도 성남시분당구  판교로 443, 106-1,107-1호",both
342,수내점,경기도,성남시,"경기도 성남시분당구  발이봉남로 3번길 4, 1층",both
343,성남하대원점,경기도,성남시,"경기도 성남시 중원구  마지로 155번길 25-12, 106호",both
344,성남중앙점,경기도,성남시,경기도 성남시중원구  광명로 209,both
345,성남구미1동점,경기도,성남시,경기도 성남시분당구 구미1동 144-2,both
346,서판교점,경기도,성남시,경기도 성남시분당구  운중로178번길 1,both
347,분당동점,경기도,성남시,경기도 성남시 분당구 분당동 96번지,both
348,동판교점,경기도,성남시,경기도 성남시 분당구 삼평동 726 가상가동 103호,both
349,금광2동점,경기도,성남시,경기도 성남시 중원구  금빛로 61번길 11,both
350,태장우산점,강원도,원주시,"강원도 원주시 북원로2718번길 2, 1층(태장동)",both
351,원주혁신점,강원도,원주시,"강원도 원주시  황금로 13, 201호",both
352,원주무실점,강원도,원주시,강원도 원주시  만대로 150,both
353,원주단구점,강원도,원주시,강원도 원주시 단구동 1684-1 청솔4차상가 105호,both
354,원주단계점,강원도,원주시,강원도 원주시  금불1길 24-7,both
355,원주개운점,강원도,원주시,강원도 원주시 개운동 393-6번지,both
356,문막점,강원도,원주시,강원도 원주시 문막읍 건등리 1624-5,both
357,태백점,강원도,태백시,강원도 태백시  상장남길 67,both
358,칠금문화점,충청북도,충주시,충청북도 충주시  칠금3길 16-1,both
359,중앙경찰학교점,충청북도,충주시,충청북도 충주시 수안보면 수회리로 138,both
360,연수교현점,충청북도,충주시,충청북도 충주시  갱고개로 39,both
361,서충주신도시점,충청북도,충주시,"충청북도 충주시 대소원면 첨단산업4로 31, 1층",both
362,칠곡왜관점,경상북도,칠곡군,경상북도 칠곡군 왜관읍 2번도로길 64,both
363,칠곡오태북삼점,경상북도,칠곡군,경상북도 칠곡군 북삼읍 북삼로 109,both
364,경북석적점,경상북도,칠곡군,경상북도 칠곡군 석적읍 석적로 954,both
365,충효탑정점,경상북도,경주시,경상북도 경주시  충효녹지길 6-17,both
366,성건중부점,경상북도,경주시,경상북도 경주시  북성로 98,both
367,경주황성금장점,경상북도,경주시,경상북도 경주시  용담로116번길 7,both
368,경주보문점,경상북도,경주시,"경상북도 경주시  보문로 402-31,106호",both
369,경주동천용강점,경상북도,경주시,경상북도 경주시  동천로 63,both
370,충북증평읍점,충청북도,증평군,충청북도 증평군 증평읍 초중로 45,both
371,충북제천1호점,충청북도,제천시,충청북도 제천시  의림대로 190,both
372,제천하소점,충청북도,제천시,충청북도 제천시  용두대로15가길 13,both
373,강저지구점,충청북도,제천시,충청북도 제천시 영천동 2209,both
374,충북옥천점,충청북도,옥천군,충청북도 옥천군 옥천읍 금장로 62,both
375,충북오창점,충청북도,청원군,충청북도 청원군 오창읍 구룡리 408-6번지,left_only
376,충북괴산점,충청북도,괴산군,충청북도 괴산군 괴산읍 읍내로13길 21,both
377,충무로점,서울특별시,중구,서울특별시 중구 충무로4가 120-3 진양상가 2층,both
378,신당역점,서울특별시,중구,서울특별시 중구  퇴계로87길 22,both
379,"신당3,4동점",서울특별시,중구,"서울특별시 중구  다산로32, 남산타운",both
380,충무공점,경상남도,진주시,경상남도 진주시 충무공동 282-6 가온누리 빌딩 107호,both
381,진주하대초장점,경상남도,진주시,경상남도 진주시  하대로 116,both
382,진주칠암망경점,경상남도,진주시,경상남도 진주시  진주대로 849-10,both
383,진주신안평거점,경상남도,진주시,경상남도 진주시 신평공원길 25번길 12-13,both
384,진주상봉봉안점,경상남도,진주시,경상남도 진주시  진주성로 103,both
385,진주상대점,경상남도,진주시,경상남도 진주시 상대동 310-78번지,both
386,진주금산점,경상남도,진주시,경상남도 진주시 금산면 중천로 74,both
387,진주가호점,경상남도,진주시,경상남도 진주시  진주대로 568번길 8,both
388,충남합덕점,충청남도,당진시,충청남도 당진시 합덕읍 미락4길 33,both
389,충남당진점,충청남도,당진시,충청남도 당진시  읍내동 1096,both
390,당진신평점,충청남도,당진시,충청남도 당진시  거산3거리길 70,both
391,당진송악점,충청남도,당진시,충청남도 당진시 송악읍 가학리 632-8 대림e-편한세상 상가 206호,both
392,충남태안점,충청남도,태안군,충청남도 태안군 태안읍 동문리 터널길 25,both
393,충남논산점,충청남도,논산시,충청남도 논산시  내동 1169번지 101호,both
394,연무읍점,충청남도,논산시,충청남도 논산시 연무읍 연무로 180-1,both
395,춘천후평점,강원도,춘천시,"강원도 춘천시  부평길 8, 1층 우측",both
396,춘천효자점,강원도,춘천시,강원도 춘천시 효자동 665-1,both
397,춘천소양점,강원도,춘천시,강원도 춘천시 소양로2가 1-63번지,both
398,춘천석사점,강원도,춘천시,강원도 춘천시 석사동 642번지,both
399,온의퇴계점,강원도,춘천시,강원도 춘천시 온의동 541-3번지,both
400,방하리점,강원도,춘천시,강원도 춘천시 남산면 방하리 372-2번지,both
401,동광오거리점,강원도,춘천시,"강원도 춘천시 후평동 삭주로 206-1, 1층(후평동)",both
402,청파점,서울특별시,용산구,서울특별시 용산구  청파로 333,both
403,이태원점,서울특별시,용산구,서울특별시 용산구  우사단로12길 18,both
404,용산용문점,서울특별시,용산구,서울특별시 용산구 새창로 119,both
405,청주분평점,충청북도,청주시서원구,충청북도 청주시서원구  수영로 19-2,left_only
406,수곡모충점,충청북도,청주시서원구,충청북도 청주시서원구  구룡산로 340,left_only
407,산남성화점,충청북도,청주시서원구,충청북도 청주시서원구  두꺼비로 27번길 5-11,left_only
408,사창사직2점,충청북도,청주시서원구,충청북도 청주시서원구  사직대로 144번길 35-2,left_only
409,청룡점,서울특별시,관악구,"서울특별시 관악구  쑥고개로 89, 1층",both
410,인헌점,서울특별시,관악구,서울특별시 관악구  인헌길 43,both
411,은천점,서울특별시,관악구,"서울특별시 관악구  은천로 61, 1층",both
412,신림동점,서울특별시,관악구,서울특별시 관악구  신림동길 27,both
413,성현점,서울특별시,관악구,서울특별시 관악구 봉천동 466-76,both
414,서림점,서울특별시,관악구,서울특별시 관악구 신림동 96-60 한강뉴스타,both
415,미성점,서울특별시,관악구,서울특별시 관악구  난우길 43,both
416,대학동점,서울특별시,관악구,서울특별시 관악구  호암로 22길 61,both
417,청라2호점,인천광역시,서구,인천광역시 서구 경서동 981-93 1층 101호,both
418,청라1호점,인천광역시,서구,"인천광역시 서구  청라라임로 100,104호",both
419,인천연희점,인천광역시,서구,인천광역시 서구 심곡동 336-4번지 1층 103호,both
420,인천석남점,인천광역시,서구,인천광역시 서구  석남로 78,both
421,인천검단점,인천광역시,서구,인천광역시 서구 마전동 903-12번지 101호,both
422,원당검단점,인천광역시,서구,"인천광역시 서구 당하동 1030-1, 106호",both
423,신현원창점,인천광역시,서구,"인천광역시 서구   원창로 222,1층",both
424,불로동점,인천광역시,서구,인천광역시 서구 불로동 308번지,both
425,당하점,인천광역시,서구,"인천광역시 서구  서곶로 876, 103호",both
426,검암지구점,인천광역시,서구,인천광역시 서구   승학로 587,both
427,가좌1호점,인천광역시,서구,인천광역시 서구 가좌동 7번지,both
428,가정점,인천광역시,서구,"인천광역시 서구  염곡로498번안길 11-1, 1층 일부",both
429,청담점,서울특별시,강남구,서울특별시 강남구 청담동 35-1 1층,both
430,"일원1,2동점",서울특별시,강남구,"서울특별시 강남구 일원로9길 60, 1층",both
431,역삼2동점,서울특별시,강남구,"서울특별시 강남구  언주로 69길 16, 103호",both
432,역삼1동점,서울특별시,강남구,"서울특별시 강남구  역삼로 129 ,104호",both
433,압구정점,서울특별시,강남구,서울특별시 강남구 신사동 619-6번지,both
434,수서일원본동점,서울특별시,강남구,서울특별시 강남구  광평로295 사이룩스서관1층 111호,both
435,삼성2동점,서울특별시,강남구,"서울특별시 강남구  삼성로103길 12, 123",both
436,도곡2동점,서울특별시,강남구,서울특별시 강남구 논현로30길 36,both
437,대치2동점,서울특별시,강남구,서울특별시 강남구 대치2동 990-3,both
438,"대치1,4동점",서울특별시,강남구,"서울특별시 강남구  삼성로 229, 104호",both
439,논현1동점,서울특별시,강남구,서울특별시 강남구  학동로6길 3,both
440,개포4동점,서울특별시,강남구,"서울특별시 강남구  개포로 20길 32, 1층",both
441,개포2동점,서울특별시,강남구,"서울특별시 강남구   선릉로12길 5, 102-나호",both
442,강남세곡점,서울특별시,강남구,"서울특별시 강남구  밤고개로 227, 지상1층 105호,106호",both
443,천호3동점,서울특별시,강동구,"서울특별시 강동구  구천면로 238, 103호",both
444,천호1동점,서울특별시,강동구,서울특별시 강동구 천호1동 224-50번지,both
445,암사3동점,서울특별시,강동구,서울특별시 강동구  암사길 88,both
446,성내3동점,서울특별시,강동구,서울특별시 강동구 성내동 433-14 1층,both
447,성내2동점,서울특별시,강동구,"서울특별시 강동구 성내동 25-1번지 이안A상가 110,111호",both
448,상일점,서울특별시,강동구,서울특별시 강동구 상일동 237번지,both
449,명일점,서울특별시,강동구,서울특별시 강동구 명일동 342-1번지 105호,both
450,둔촌2동점,서울특별시,강동구,서울특별시 강동구  천호대로 198길 12,both
451,길동점,서울특별시,강동구,서울특별시 강동구 길동 142-2,both
452,"고덕1,2동점",서울특별시,강동구,서울특별시 강동구  상일로 161,both
453,천진점,강원도,고성군,강원도 고성군 토성면 토성로 145,both
454,간성점,강원도,고성군,강원도 고성군 간성읍 간성로 67,both
455,천안청수점,충청남도,천안시,충청남도 천안시 동남구 청수동 204번지,both
456,천안차암점,충청남도,천안시,충청남도 천안시 서북구 차암동 435-1힐링제이타워 1층 115호,both
457,천안직산점,충청남도,천안시,"충청남도 천안시서북구 직산읍 삼은3길 38, 102호",both
458,천안용곡점,충청남도,천안시,충청남도 천안시동남구  새말1길 47,both
459,천안쌍용점,충청남도,천안시,충청남도 천안시 서북구 쌍용2동 725번지,both
460,천안신부점,충청남도,천안시,충청남도 천안시동남구 신부동 319-37,both
461,천안성환읍점,충청남도,천안시,충청남도 천안시 서북구 성환읍 성환3로 38,both
462,천안성정점,충청남도,천안시,충청남도 천안시 서북구  성정로 47-1,both
463,천안백석점,충청남도,천안시,"충청남도 천안시 서북구  백석4길 31, 108호",both
464,천안두정점,충청남도,천안시,충청남도 천안시 서북구 두정동 서부대로 781,both
465,불당쌍용3동점,충청남도,천안시,충청남도 천안시 서북구  쌍용12길 10-4,both
466,목천읍점,충청남도,천안시,충청남도 천안시동남구 목천읍 신계리 422번지 동우상가 120호,both
467,창원팔용점,경상남도,창원시,경상남도 창원시 의창구 팔용동 183-9번지,both
468,창원소답점,경상남도,창원시,경상남도 창원시의창구 소답동 118-4번지 칠성빌라 나동 1호,both
469,창원봉곡사림점,경상남도,창원시,경상남도 창원시 의창구  사림로 53,both
470,창원명서도계점,경상남도,창원시,경상남도 창원시 의창구  도계동396-7 1층,both
471,창원동읍점,경상남도,창원시,경상남도 창원시의창구 동읍 용정길 32번길 16,both
472,창원감계점,경상남도,창원시,"경상남도 창원시 의창구 북면 감계로 266, 204호",both
473,진해웅천점,경상남도,창원시,경상남도 진해시 성내동 359-1번지,both
474,진해용원웅동점,경상남도,창원시,경상남도 진해시 안골동 376-3,both
475,진해석동풍호점,경상남도,창원시,"경상남도 창원시 진해구  냉천로 88, 103호",both
476,진해경화태백점,경상남도,창원시,경상남도 창원시진해구  중초로 37,both
477,중앙반월점,경상남도,창원시,"경상남도 창원시 마산합포  3.15대로 77, 105호",both
478,완월자산점,경상남도,창원시,경상남도 창원시 마산합포  고운로 181,both
479,여좌중앙점,경상남도,창원시,경상남도 창원시진해구  충장로41,both
480,신월사파점,경상남도,창원시,경상남도 창원시 의창구  원이대로 687,both
481,마산월영점,경상남도,창원시,경상남도 창원시 마산합포 월영동 610-1,both
482,마산내서점,경상남도,창원시,경상남도 창원시 마산회원 내서읍 중리 337-1번지,both
483,마산구암점,경상남도,창원시,경상남도 창원시 마산회원  구암북1길 124,both
484,동서오동점,경상남도,창원시,경상남도 창원시 마산합포  3.15대로 388,both
485,창원중앙점,경상남도,청원시,경상남도 창원시성산구 중앙동 78-2,left_only
486,창원반송점,경상남도,청원시,경상남도 창원시성산구  원이대로 393번길 17,left_only
487,창원대방점,경상남도,청원시,경상남도 창원시성산구 대방동 376번지 상가 1층,left_only
488,남양가음점,경상남도,청원시,"경상남도 창원시성산구  원이대로 863번길 7, 105호",left_only
489,창녕읍점,경상남도,창녕군,경상남도 창녕군 창녕읍 명덕로 6-1,both
490,남지읍점,경상남도,창녕군,경상남도 창녕군 남지읍 663-26,both
491,창4동점,서울특별시,도봉구,"서울특별시 도봉구  노해로70길 46,102호",both
492,창2동점,서울특별시,도봉구,"서울특별시 도봉구  도봉로 110다길 51, 태영 창동데시앙 아파트상가 1",both
493,쌍문점,서울특별시,도봉구,서울특별시 도봉구  도봉로 125길 53,both
494,방학1동점,서울특별시,도봉구,"서울특별시 도봉구  도당로 133, 1층",both
495,진천읍점,충청북도,진천군,충청북도 진천군 진천읍 중앙동로 132,both
496,진도점,전라남도,진도군,전라남도 진도군 진도읍 쌍정리 257-20,both
497,지행1호점,경기도,동두천시,경기도 동두천시 지행동 688번지,both
498,불현점,경기도,동두천시,경기도 동두천시 지행동 275-18,both
499,지세포점,경상남도,거제시,경상남도 거제시 일운면 거제대로 2471,both
500,거제중곡점,경상남도,거제시,"경상남도 거제시  해명로4길 8, 엘리유리안2차 아파트 상가 106호",both
501,거제장평점,경상남도,거제시,경상남도 거제시  장평1로 16길 15,both
502,거제장승포점,경상남도,거제시,"경상남도 거제시  능포로4길 5, 107호",both
503,거제옥포점,경상남도,거제시,경상남도 거제시  옥포중앙로 87-1,both
504,거제연초점,경상남도,거제시,경상남도 거제시  거제북로 48,both
505,거제아주점,경상남도,거제시,경상남도 거제시  아주1로 112,both
506,거제상문점,경상남도,거제시,경상남도 거제시 문동동 578-13번지,both
507,거제사등점,경상남도,거제시,경상남도 거제시 거제면 두동로 44,both
508,거제고현점,경상남도,거제시,경상남도 거제시  거제중앙로5길 28 -1,both
509,중화1호점,서울특별시,중랑구,서울특별시 중랑구 중화1동 295-22,both
510,신내1동점,서울특별시,중랑구,서울특별시 중랑구 신내1동 398-4번지,both
511,면목점,서울특별시,중랑구,서울특별시 중랑구 면목동 657-54,both
512,면목본동점,서울특별시,중랑구,서울특별시 중랑구 면목본동 412-1,both
513,망우본동점,서울특별시,중랑구,"서울특별시 중랑구  용마산로 118길 63, 1층",both
514,중촌목동점,대전광역시,중구,대전광역시 중구  중촌로24번길 23. 1층,both
515,은행선화점,대전광역시,중구,대전광역시 중구  대종로549번길 14,both
516,유천점,대전광역시,중구,대전광역시 중구  태평로44번길 32,both
517,대전태평점,대전광역시,중구,대전광역시 중구 태평동 330-20번지,both
518,대전문화점,대전광역시,중구,대전광역시 중구 문화2동 418-1 계룡APT상가 103호,both
519,중동2호점,경기도,부천시,경기도 부천시 원미구 중동 1058-1,both
520,역곡점,경기도,부천시,"경기도 부천시  부일로763번길 17, 1층 1호",both
521,여월도당점,경기도,부천시,경기도 부천시 오정구 여월동 5번지 대원스카이빌 1층 11호,both
522,신흥약대점,경기도,부천시,경기도 부천시 원미구  약대동 118,both
523,송내북부역점,경기도,부천시,경기도 부천시 원미구 상동 429-14,both
524,송내2동점,경기도,부천시,경기도 부천시 소사구 송내2동 628-24번지,both
525,소사점,경기도,부천시,경기도 부천시 소사구 소사본3동 400-7 청구@ 상가 101호,both
526,부천중동점,경기도,부천시,경기도 부천시 원미구 중1동 1123-2번지 107호,both
527,부천원종2동점,경기도,부천시,경기도 부천시 오정구 원종동 224-8번지,both
528,부천심곡점,경기도,부천시,경기도 부천시  장말로352번길 34,both
529,부천상동점,경기도,부천시,경기도 부천시 원미구  조마루로85번길 7-62,both
530,괴안범박점,경기도,부천시,경기도 부천시 소사구 괴안동 242-10번지,both
531,중계본동점,서울특별시,노원구,"서울특별시 노원구  중계로 14길 41, 1층",both
532,월계2동점,서울특별시,노원구,서울특별시 노원구 월계동 776 월계프라자 104호,both
533,수락점,서울특별시,노원구,"서울특별시 노원구 동일로 239길 19, 105호",both
534,"상계6,7동점",서울특별시,노원구,서울특별시 노원구 상계동 728-3 주공6단지 상가 101호,both
535,공릉2동점,서울특별시,노원구,"서울특별시 노원구  노원로 62, 101호",both
536,"공릉1,3동점",서울특별시,노원구,서울특별시 노원구 공릉동 573-20,both
537,주문진읍점,강원도,강릉시,강원도 강릉시 주문진읍 시장길 30,both
538,강릉홍제내곡점,강원도,강릉시,강원도 강릉시  남산초교길 12번길 16,both
539,강릉포남점,강원도,강릉시,강원도 강릉시  강릉대로 457번길 25,both
540,강릉택지점,강원도,강릉시,"강원도 강릉시   원대로 128번길, 107호",both
541,강릉유천점,강원도,강릉시,"강원도 강릉시  선수촌로 79-7, 101호",both
542,강릉성덕점,강원도,강릉시,강원도 강릉시 입암동 498-12,both
543,종로4가점,서울특별시,종로구,서울특별시 종로구  창경궁로 113,both
544,경복궁점,서울특별시,종로구,"서울특별시 종로구 사직로 사직로 114, 101호",both
545,조치원점,세종특별자치시,세종시,세종특별자치시  조치원읍 죽림리 21-2번지 상가 110호,both
546,세종한솔점,세종특별자치시,세종시,"세종특별자치시   누리로 119, 첫마을아파트상가동 제비 103호",both
547,세종종촌점,세종특별자치시,세종시,"세종특별자치시   도움3로 105-8, 109호",both
548,세종보람점,세종특별자치시,세종시,"세종특별자치시 한누리대로 2129,스타힐타워 2동 115,116호",both
549,세종도담점,세종특별자치시,세종시,세종특별자치시 보듬3로 8-13,both
550,세종고운점,세종특별자치시,세종시,세종특별자치시 마음로151 917동 1,both
551,정읍수성점,전라북도,정읍시,전라북도 정읍시  수성택지4길 4,both
552,정읍상동점,전라북도,정읍시,전라북도 정읍시  충정로 37,both
553,"정왕3,4동점",경기도,시흥시,경기도 시흥시 정왕4동 1875-2번지 미주@상가 107호,both
554,시흥월곶점,경기도,시흥시,경기도 시흥시 월곶동 994-1번지 주영프라자 101호,both
555,시흥신천점,경기도,시흥시,경기도 시흥시 신천동 378-7,both
556,시흥대야점,경기도,시흥시,경기도 시흥시 대야동 475-11번지,both
557,시흥능곡점,경기도,시흥시,경기도 시흥시  능곡로 182,both
558,배곧캠퍼스점,경기도,시흥시,경기도 시흥시  배곧1로 27-15,both
559,배곧신도시점,경기도,시흥시,경기도 시흥시  배곧4로30 배곧타운116호,both
560,목감점,경기도,시흥시,"경기도 시흥시  목감우회로 39, 118호",both
561,거모점,경기도,시흥시,경기도 시흥시 도일로 143(거모동),both
562,정림복수점,대전광역시,서구,대전광역시 서구  정림동로5번길 40,both
563,도안2호점,대전광역시,서구,"대전광역시 서구  원도안로 100, 101호",both
564,대전탄방점,대전광역시,서구,대전광역시 서구 탄방동 848,both
565,대전월평1호점,대전광역시,서구,대전광역시 서구 월평동 670,both
566,대전만년점,대전광역시,서구,대전광역시 서구  만년남로 3번길 8-12,both
567,대전둔산1호점,대전광역시,서구,대전광역시 서구  문정로 170번길 157,both
568,대전도마점,대전광역시,서구,"대전광역시 서구  도솔4길 37, 1층",both
569,대전관저점,대전광역시,서구,대전광역시 서구  관저동로 73번길 29-26,both
570,대전갈마2동점,대전광역시,서구,"대전광역시 서구  대덕대로 115, 1층",both
571,대전가장점,대전광역시,서구,대전광역시 서구 괴정동 116-6,both
572,정관신도시점,부산광역시,기장군,부산광역시 기장군 정관면 용수리 1294-5,both
573,정관모전점,부산광역시,기장군,"부산광역시 기장군 정관면 정관로 350, 323동 B101호 (이지더원3차)",both
574,부산기장점,부산광역시,기장군,부산광역시 기장군 기장읍 차성동로 161,both
575,전북남원점,전라북도,남원시,전라북도 남원시  옥정2길 13,both
576,남원2호점,전라북도,남원시,전라북도 남원시  충정로 320,both
577,전남화순점,전라남도,화순군,전라남도 화순군 화순읍 광덕리 305번지,both
578,전남장흥점,전라남도,장흥군,전라남도 장흥군 장흥읍 북부로 62-1,both
579,전남영암점,전라남도,영암군,전라남도 영암군 영암읍 중앙로 16,both
580,영암삼호점,전라남도,영암군,"전라남도 영암군 삼호읍 삼호중앙로 234, 나동 1층",both
581,전남나주점,전라남도,나주시,"전라남도 나주시  중앙로 20, 1층",both
582,나주혁신도시점,전라남도,나주시,전라남도 나주시  석전1길 15,both
583,전남광양읍점,전라남도,광양시,전라남도 광양시 광양읍 유당로 43,both
584,광양중마점,전라남도,광양시,"전라남도 광양시  공영로 10,,상가동 102호(중동,금광1차아파트)",both
585,광양광영점,전라남도,광양시,전라남도 광양시  광영로 83,both
586,전남강진점,전라남도,강진군,전라남도 강진군 강진읍 보은로1길 25,both
587,전곡점,경기도,연천군,"경기도 연천군  은전로86번길 18, 11",both
588,대광점,경기도,연천군,경기도 연천군 신서면 도신리 290-20,both
589,재궁오금동점,경기도,군포시,경기도 군포시 금정동 719번지,both
590,산본1동점,경기도,군포시,"경기도 군포시 군포로745번길 45, 1층",both
591,군포당동점,경기도,군포시,"경기도 군포시  고산로264번길13,103호",both
592,군포광정점,경기도,군포시,경기도 군포시  산본로432번길 4,both
593,장안2동점,서울특별시,동대문구,"서울특별시 동대문구  장한로33길 34, 1층",both
594,장안1동점,서울특별시,동대문구,서울특별시 동대문구  장한로9길 16 1층,both
595,이문2호점,서울특별시,동대문구,서울특별시 동대문구 이문동 345-7번지,both
596,이문1호점,서울특별시,동대문구,서울특별시 동대문구  신이문로 38,both
597,용두신설점,서울특별시,동대문구,서울특별시 동대문구  안암로 40,both
598,시립대점,서울특별시,동대문구,서울특별시 동대문구 전농동 155번지 삼성@상가 201호,both
599,답십리1동점,서울특별시,동대문구,"서울특별시 동대문구  전농로 57, 1층",both
600,장성창포점,경상북도,포항시북구,경상북도 포항시북구  대곡로 10,left_only
601,장성읍점,전라남도,장성군,전라남도 장성군 장성읍 청운길 7-1,both
602,장기감삼점,대구광역시,달서구,대구광역시 달서구 장기동 528,both
603,신월성점,대구광역시,달서구,대구광역시 달서구 월배로 33길 27 (진천동),both
604,성서계명대점,대구광역시,달서구,대구광역시 달서구  서당로9안길 5,both
605,성당본리점,대구광역시,달서구,대구광역시 달서구  대명천로 96,both
606,본동월성2동점,대구광역시,달서구,대구광역시 달서구 본동 710-1,both
607,대구진천점,대구광역시,달서구,대구광역시 달서구 진천동 728-1번지,both
608,대구이곡점,대구광역시,달서구,대구광역시 달서구  선원남로 74 1층,both
609,대구용산점,대구광역시,달서구,대구광역시 달서구 용산동 용산로 186-7  1층,both
610,대구상인1호점,대구광역시,달서구,대구광역시 달서구  상인로100-1,both
611,대구대곡점,대구광역시,달서구,대구광역시 달서구  도원남로 38,both
612,잠원점,서울특별시,서초구,서울특별시 서초구  강남대로95길 47-4,both
613,양재1동점,서울특별시,서초구,서울특별시 서초구 양재1동 110-5번지,both
614,서초3동점,서울특별시,서초구,서울특별시 서초구 반포대로 22길 79-5,both
615,서초2동점,서울특별시,서초구,서울특별시 서초구  서운로 79,both
616,방배4동점,서울특별시,서초구,"서울특별시 서초구  방배로32길 8, 1층 (조일빌딩)",both
617,방배1동점,서울특별시,서초구,서울특별시 서초구  방배로 13길 34,both
618,반포1동점,서울특별시,서초구,서울특별시 서초구 반포1동 746-8 103호,both
619,작전서운점,인천광역시,계양구,인천광역시 계양구  까치말로45번길 10,both
620,작전2동점,인천광역시,계양구,"인천광역시 계양구  계양대로 120번길 7, 102호",both
621,임학점,인천광역시,계양구,"인천광역시 계양구  계양산로 216번길 14, 103호",both
622,인천효성점,인천광역시,계양구,인천광역시 계양구 효성2동 242-7번지 신진상가 A동 107호,both
623,자운점,대전광역시,유성구,대전광역시 유성구 신봉동 5-2 창조레스텔 1층,both
624,원내점,대전광역시,유성구,대전광역시 유성구 원내동 84-11번지,both
625,신성점,대전광역시,유성구,대전광역시 유성구  신성로 66,both
626,도안1호점,대전광역시,유성구,대전광역시 유성구  유성대로 654번길 152-1,both
627,대전전민점,대전광역시,유성구,"대전광역시 유성구 전민로38번길 50, 1층",both
628,대전송강테크노점,대전광역시,유성구,"대전광역시 유성구  관평1로 15, 106호",both
629,대전반석점,대전광역시,유성구,대전광역시 유성구 반석동 624-2,both
630,대전노은점,대전광역시,유성구,대전광역시 유성구 지족동 909-17번지,both
631,대전궁동점,대전광역시,유성구,대전광역시 유성구 궁동 432-1번지,both
632,일신부개점,인천광역시,부평구,인천광역시 부평구  경인로 1002번길 34-1,both
633,삼산2동점,인천광역시,부평구,인천광역시 부평구 삼산동 453-1번지,both
634,삼산1동점,인천광역시,부평구,인천광역시 부평구 삼산동 삼산동 222-34,both
635,산곡4동점,인천광역시,부평구,"인천광역시 부평구  원길로11번길 33, 1층",both
636,산곡2동점,인천광역시,부평구,인천광역시 부평구  화랑북로11번길 38,both
637,부평역점,인천광역시,부평구,"인천광역시 부평구 부평동 154-5, 1층",both
638,부평4동점,인천광역시,부평구,인천광역시 부평구  주부토로 109,both
639,부개2동점,인천광역시,부평구,인천광역시 부평구 부개동 124-51번지,both
640,동암점,인천광역시,부평구,인천광역시 부평구 십정동 487-2번지,both
641,일산풍동점,경기도,고양시일산동구,"경기도 고양시일산동구  고풍로 72-41, 104호",left_only
642,일산장항점,경기도,고양시일산동구,경기도 고양시일산동구 장항동 902번지 호수마을1단지 중관 1058호,left_only
643,백석1동점,경기도,고양시일산동구,경기도 고양시일산동구 백석동 1210-5,left_only
644,인창1호점,경기도,구리시,경기도 구리시 인창동 383-54번지 1층,both
645,수택3동점,경기도,구리시,경기도 구리시 수택3동 853번지 럭키아파트상가 108호,both
646,수택2동점,경기도,구리시,"경기도 구리시  벌말로 185, 117호",both
647,구리교문점,경기도,구리시,경기도 구리시 교문동 757-1번지,both
648,갈매점,경기도,구리시,"경기도 구리시 갈매순환로204 8-52, 101호 전면 왼쪽상가",both
649,인제점,강원도,인제군,강원도 인제군 인제읍 상동리 296-8,both
650,원통점,강원도,인제군,강원도 인제군 북면 원통로147번길 41,both
651,이천점,경기도,이천시,경기도 이천시  이섭대천로 1381,both
652,이천관고점,경기도,이천시,경기도 이천시  영창로 149,both
653,신둔점,경기도,이천시,경기도 이천시 신둔면 증신로 561,both
654,의왕오전점,경기도,의왕시,경기도 의왕시  오전동길 25,both
655,의왕삼동부곡점,경기도,의왕시,경기도 의왕시  솔밭길 18-4,both
656,내손2동점,경기도,의왕시,경기도 의왕시  흥안대로434번길 69,both
657,응암1호점,서울특별시,은평구,서울특별시 은평구 응암로22길 7-1,both
658,은평뉴타운점,서울특별시,은평구,"서울특별시 은평구  진관4로 78-8, 701동 104호",both
659,역촌점,서울특별시,은평구,서울특별시 은평구  연서로 49,both
660,수색증산점,서울특별시,은평구,서울특별시 은평구 증산서길 98,both
661,불광1동점,서울특별시,은평구,서울특별시 은평구  불광로 114,both
662,대조점,서울특별시,은평구,서울특별시 은평구 대조동 91-67,both
663,녹번점,서울특별시,은평구,"서울특별시 은평구  녹번로 9, 1층",both
664,갈현2동점,서울특별시,은평구,서울특별시 은평구 갈현2동 506-33번지,both
665,음성혁신1호점,충청북도,음성군,충청북도 음성군 맹동면 용두2나길 12,both
666,금왕점,충청북도,음성군,"충청북도 음성군 금왕읍 탑골길12, 1동 103호",both
667,월피점,경기도,안산시,"경기도 안산시 상록구 안산천서로5길 27, 1층",both
668,원곡본동점,경기도,안산시,경기도 안산시 단원구  화랑로 28,both
669,안산한양대점,경기도,안산시,경기도 안산시 상록구  성안길78-1,both
670,안산초지점,경기도,안산시,경기도 안산시 단원구 초지동 742-9번지 메가쇼핑 113호,both
671,안산일동점,경기도,안산시,경기도 안산시 상록구 일동 88-2번지 102호,both
672,안산성포점,경기도,안산시,경기도 안산시 상록구 성포동 592-2번지 현대@상가 112동 107호,both
673,안산선부3동점,경기도,안산시,경기도 안산시 단원구 선부3동 1116-14번지,both
674,사2동점,경기도,안산시,"경기도 안산시 상록구  감골로 33, 101호",both
675,본오2동점,경기도,안산시,경기도 안산시 상록구  본이로 8,both
676,울산화봉점,울산광역시,북구,울산광역시 북구  상방로 139,both
677,울산농소2호점,울산광역시,북구,울산광역시 북구 천곡동 우방상가 108호,both
678,울산농소1호점,울산광역시,북구,울산광역시 북구 매곡동 474-1번지 H프라자 1층 108-1호,both
679,양정염포점,울산광역시,북구,울산광역시 북구  염포로 563,both
680,울산일산대송점,울산광역시,동구,울산광역시 동구 일산동 535-4번지,both
681,울산방어꽃바위점,울산광역시,동구,울산광역시 동구  화문로 41,both
682,울산남목점,울산광역시,동구,울산광역시 동구  미포3길 35,both
683,서부전하점,울산광역시,동구,울산광역시 동구  명덕2길 11,both
684,울산온양점,울산광역시,울주군,울산광역시 울주군 온양읍 대안리415-19번지,both
685,울산온산점,울산광역시,울주군,"울산광역시 울주군 온산읍 영남6길 7, 1층",both
686,울산언양점,울산광역시,울주군,울산광역시 울주군 언양읍 동부리 257-10번지,both
687,구영천상점,울산광역시,울주군,울산광역시 울주군 범서읍 구영리 802-22번지,both
688,울산옥동신정1호점,울산광역시,남구,울산광역시 남구 옥동 1405-27번지,both
689,울산야음점,울산광역시,남구,울산광역시 남구  수암로163번길 24,both
690,울산신정3호점,울산광역시,남구,울산광역시 남구 신정5동 265-50번지,both
691,울산삼호점,울산광역시,남구,울산광역시 남구 무거동 1447-9호,both
692,울산삼산점,울산광역시,남구,"울산광역시 남구  돋질로 334, 1층",both
693,울산무거점,울산광역시,남구,울산광역시 남구  옥현로 49,both
694,울산달동점,울산광역시,남구,울산광역시 남구  번영로89번길 23,both
695,수암신정2호점,울산광역시,남구,"울산광역시 남구  신선로 45, 롯데캐슬 중앙상가동 209호",both
696,울산성안점,울산광역시,중구,울산광역시 중구  백양로 14,both
697,울산복산점,울산광역시,중구,울산광역시 중구  화합로 498,both
698,울산병영점,울산광역시,중구,울산광역시 중구  병영로 69,both
699,울산반구점,울산광역시,중구,"울산광역시 중구  화합로 388, 1호",both
700,울산다운점,울산광역시,중구,울산광역시 중구  다운로 64,both
701,우정태화점,울산광역시,중구,울산광역시 중구  태화로 263,both
702,용호메트로점,부산광역시,남구,"부산광역시 남구  용호로90번길 12-4, A-103호",both
703,"용당용호2,4동점",부산광역시,남구,부산광역시 남구  용주로 29,both
704,부산문현점,부산광역시,남구,부산광역시 남구 문현1동 13-63번지,both
705,부산대연점,부산광역시,남구,부산광역시 남구  못골로41번길 13,both
706,부산감만점,부산광역시,남구,부산광역시 남구  우암로 79번길 1,both
707,대연2호점,부산광역시,남구,부산광역시 남구  용소로 42,both
708,완주삼례점,전라북도,완주군,전라북도 완주군 삼례읍 삼봉로 117,both
709,봉동점,전라북도,완주군,전라북도 완주군 봉동읍 완주산단8로 24,both
710,완도점,전라남도,완도군,전라남도 완도군 완도읍 가용리 1062-4,both
711,온천3동점,부산광역시,동래구,부산광역시 동래구  충렬대로86번길 31,both
712,부산온천점,부산광역시,동래구,부산광역시 동래구  중앙대로 1335번길 21,both
713,부산안락점,부산광역시,동래구,"부산광역시 동래구  안락로 109, 크로바맨션아파트 상가 1호",both
714,부산수민점,부산광역시,동래구,부산광역시 동래구 수안동 34-1번지 새동래상가 6동 104호,both
715,부산사직점,부산광역시,동래구,부산광역시 동래구 사직1동 47-23번지,both
716,부산명장점,부산광역시,동래구,부산광역시 동래구  명안로 81,both
717,부산낙민점,부산광역시,동래구,부산광역시 동래구  안남로 69,both
718,옥정지구점,경기도,양주시,"경기도 양주시  옥정동로 5길 49, 1층 1호",both
719,양주삼숭고읍점,경기도,양주시,"경기도 양주시  부흥로 2094, TS푸른솔3차아파트 상가동",both
720,양주백석점,경기도,양주시,경기도 양주시 벡석읍 호명로 92,both
721,양주덕정점,경기도,양주시,경기도 양주시  고암길 154-12,both
722,양주덕계점,경기도,양주시,경기도 양주시 덕계동 473-4번지,both
723,옥련점,인천광역시,연수구,인천광역시 연수구  청량로239번길 11,both
724,연수1동점,인천광역시,연수구,인천광역시 연수구  먼우금로 264번길 12,both
725,송도신도시점,인천광역시,연수구,인천광역시 연수구  컨벤시아대로 50,both
726,송도3동점,인천광역시,연수구,인천광역시 연수구 송도동 190-2  글로벌캠퍼스푸르지오상가 202동 131호,both
727,선학점,인천광역시,연수구,인천광역시 연수구  비류대로529번길 3,both
728,동춘점,인천광역시,연수구,인천광역시 연수구  먼우금로83번길 12,both
729,옥곡백천점,경상북도,경산시,"경상북도 경산시  백천동로 7, 상기동 108호(백천동, 부영초록마을)",both
730,압량조영점,경상북도,경산시,경상북도 경산시 압량면 청운1로 89,both
731,사동계양점,경상북도,경산시,경상북도 경산시 백양로34길 16,both
732,경산하양점,경상북도,경산시,경상북도 경산시 하양읍 하양로 34,both
733,경산진량점,경상북도,경산시,경상북도 경산시 진량읍 낙산길 22-1,both
734,경산옥산정평점,경상북도,경산시,경상북도 경산시  강변서로 51길 22,both
735,오산중앙점,경기도,오산시,경기도 오산시  경기대로 333번길 31,both
736,오산신장점,경기도,오산시,경기도 오산시  오산로 348번길 3,both
737,오산대원점,경기도,오산시,경기도 오산시  오산로 198번길 29,both
738,세교1호점,경기도,오산시,경기도 오산시 궐동 612-1 대유프라자 1층 107호,both
739,예산읍점,충청남도,예산군,충청남도 예산군 예산읍 산성리 95-1번지 세광엔리치타워 상가동 108호,both
740,예산삽교읍점,충청남도,예산군,충청남도 예산군 삽교읍 삽교로 88,both
741,영천동부점,경상북도,영천시,"경상북도 영천시  창신1길 42, 301동 1층 3호",both
742,영주대청점,부산광역시,중구,부산광역시 중구  동영로 24,both
743,영월점,강원도,영월군,강원도 영월군 영월읍 중앙로 13-1,both
744,영동읍점,충청북도,영동군,충청북도 영동군 영동읍 계산리 588-36,both
745,영덕읍점,경상북도,영덕군,경상북도 영덕군 영덕읍 남석리 23번지,both
746,영덕영해점,경상북도,영덕군,경상북도 영덕군 영해면 성내리 481-3,both
747,영덕강구점,경상북도,영덕군,경상북도 영덕군 강구면 강구시장길 40-6,both
748,연산2호점,부산광역시,연제구,부산광역시 연제구 연산동 798-1,both
749,연산1동점,부산광역시,연제구,부산광역시 연제구 연산동 615-10,both
750,부산토곡점,부산광역시,연제구,부산광역시 연제구  과정로 132번길 50,both
751,부산거제점,부산광역시,연제구,부산광역시 연제구 거제1동 139-10,both
752,연남점,서울특별시,마포구,서울특별시 마포구  동교로27길 91,both
753,신수점,서울특별시,마포구,"서울특별시 마포구  독막로 195, 101",both
754,성산2동점,서울특별시,마포구,서울특별시 마포구  성암로7길 25,both
755,서교점,서울특별시,마포구,서울특별시 마포구 서교동 377-2,both
756,서강점,서울특별시,마포구,"서울특별시 마포구  창전로 45, 102-103",both
757,상암점,서울특별시,마포구,서울특별시 마포구 상암동 30-1번지 형제빌딩 103호,both
758,망원1동점,서울특별시,마포구,서울특별시 마포구  망원로 6길 19,both
759,마포공덕점,서울특별시,마포구,"서울특별시 마포구  만리재로 74, 삼성래미안 재상가2동 113호",both
760,도화점,서울특별시,마포구,서울특별시 마포구 도화동 200-17번지 102호,both
761,여주점,경기도,여주시,경기도 여주시 여흥로 108,both
762,여의도1호점,서울특별시,영등포구,서울특별시 영등포구 여의도동15-16 산정빌딩 105호,both
763,문래점,서울특별시,영등포구,서울특별시 영등포구  문래5가 23-1,both
764,도림점,서울특별시,영등포구,서울특별시 영등포구 도림동 144-73번지,both
765,대림1동점,서울특별시,영등포구,서울특별시 영등포구  대림동 902-7,both
766,당산2동점,서울특별시,영등포구,서울특별시 영등포구  국회대로 29길 16,both
767,여수죽림점,전라남도,여수시,전라남도 여수시 소라면 죽림중앙로 33,both
768,여수여천점,전라남도,여수시,전라남도 여수시  망마로 102,both
769,여수여서점,전라남도,여수시,전라남도 여수시  여문1로 28,both
770,여수봉산국동점,전라남도,여수시,전라남도 여수시  어항로 27-1,both
771,여수미평점,전라남도,여수시,전라남도 여수시  양지1길 6-14,both
772,여수문수점,전라남도,여수시,전라남도 여수시  문수로 24,both
773,여수무선점,전라남도,여수시,전라남도 여수시  화산1길 7,both
774,여수돌산점,전라남도,여수시,전라남도 여수시 돌산읍 강남8길 15-34,both
775,여수관문점,전라남도,여수시,전라남도 여수시 충무동 463-1번지,both
776,양평점,경기도,양평군,경기도 양평군 양평읍 양근로 235,both
777,경기용문점,경기도,양평군,경기도 양평군 용문면 용문역길 1-1,both
778,양양점,강원도,양양군,강원도 양양군 양양읍 남문로15,both
779,양양낙산점,강원도,양양군,강원도 양양군 강현면 일출로31-10,both
780,양산신도시점,경상남도,양산시,"경상남도 양산시  양주로 38, 1층 108호",both
781,양산신기북정점,경상남도,양산시,"경상남도 양산시  북정로 116, 106호",both
782,양산석산점,경상남도,양산시,"경상남도 양산시 동면 금오12길 4-5, 1층",both
783,양산서창점,경상남도,양산시,경상남도 양산시 삼호동 142-3번지,both
784,양산범어점,경상남도,양산시,경상남도 양산시 물금읍 범구로 17,both
785,양산물금점,경상남도,양산시,"경상남도 양산시 물금읍 버들길 36, 1층",both
786,양산덕계점,경상남도,양산시,경상남도 양산시  배움터길 20,both
787,양구점,강원도,양구군,강원도 양구군 양구읍 중심로 184-1,both
788,안성한경대점,경기도,안성시,경기도 안성시 석정동 343번지 우남상가 102호,both
789,공도2호점,경기도,안성시,경기도 안성시 공도읍 만정리 814-1,both
790,안동중앙점,경상북도,안동시,"경상북도 안동시 신안동 퇴계로 152, 1층",both
791,안동용상점,경상북도,안동시,경상북도 안동시  경동로 908,both
792,안동1호점,경상북도,안동시,경상북도 안동시  경동로 349,both
793,아산탕정점,충청남도,아산시,"충청남도 아산시 탕정면 명암리 939-10, 101호",both
794,아산장재점,충청남도,아산시,"충청남도 아산시 배방읍 용연로 71, 103호",both
795,아산용화점,충청남도,아산시,충청남도 아산시  온중로 39,both
796,아산신창점,충청남도,아산시,충청남도 아산시 신창면 행목리 215-3,both
797,아산둔포테크노벨리점,충청남도,아산시,충청남도 아산시 둔포면 석곡리 1797,both
798,아산권곡점,충청남도,아산시,충청남도 아산시  번영로 171,both
799,배방점,충청남도,아산시,충청남도 아산시 배방읍 모산로 136,both
800,신탄진점,대전광역시,대덕구,대전광역시 대덕구  덕암로 255,both
801,송촌점,대전광역시,대덕구,대전광역시 대덕구  동춘당로 44번길 20,both
802,대전법동점,대전광역시,대덕구,대전광역시 대덕구  계족산로17번길 110,both
803,신창신가점,광주광역시,광산구,광주광역시 광산구  신창로 86번길 7-9,both
804,수완2호점,광주광역시,광산구,"광주광역시 광산구 신가 1245, 1층",both
805,소촌우산점,광주광역시,광산구,광주광역시 광산구  사암로 106번길 57,both
806,광주하남점,광주광역시,광산구,광주광역시 광산구  목련로 142,both
807,광주첨단점,광주광역시,광산구,광주광역시 광산구  월계로 92-1,both
808,광주운남점,광주광역시,광산구,광주광역시 광산구  임방울대로 142-14,both
809,광주수완점,광주광역시,광산구,광주광역시 광산구 수완동 958번지 102-1층,both
810,광주송정도산점,광주광역시,광산구,광주광역시 광산구 남동길 48번길 53,both
811,신정4동점,서울특별시,양천구,서울특별시 양천구  오목로 130,both
812,신정3동점,서울특별시,양천구,서울특별시 양천구 신정3동 761-89번지 대승프라자 103호,both
813,"신월3,5동점",서울특별시,양천구,서울특별시 양천구 신월5동 58-1번지,both
814,"신월2,4동점",서울특별시,양천구,서울특별시 양천구 신월동 500-11,both
815,목4동점,서울특별시,양천구,서울특별시 양천구  목동중앙서로 7길 16,both
816,신도림점,서울특별시,구로구,서울특별시 구로구  신도림로11길 45,both
817,구로5동점,서울특별시,구로구,서울특별시 구로구 구로중앙로28길 31,both
818,구로3동점,서울특별시,구로구,"서울특별시 구로구  디지털로27길 16, 106호",both
819,고척2동점,서울특별시,구로구,서울특별시 구로구  고척로 180,both
820,개봉1동점,서울특별시,구로구,서울특별시 구로구  고척로21길 17-1,both
821,신대지구점,전라남도,순천시,전라남도 순천시 해룡면 신대리 2008-3,both
822,순천풍덕점,전라남도,순천시,전라남도 순천시  풍덕주택길 3,both
823,순천조례점,전라남도,순천시,전라남도 순천시  봉화3길 5,both
824,순천연향점,전라남도,순천시,전라남도 순천시  연향1로 12,both
825,순천북부점,전라남도,순천시,전라남도 순천시  업동2길 2,both
826,순천남부점,전라남도,순천시,전라남도 순천시  우석로 202,both
827,금당왕지점,전라남도,순천시,전라남도 순천시  조례못등길 13,both
828,신대방1동점,서울특별시,동작구,서울특별시 동작구  신대방1길 16,both
829,서울대방점,서울특별시,동작구,서울특별시 동작구  대방동23길 42,both
830,상도4동점,서울특별시,동작구,서울특별시 동작구  성대로 63,both
831,상도1호점,서울특별시,동작구,서울특별시 동작구 상도동 436,both
832,"사당4,5동점",서울특별시,동작구,서울특별시 동작구 사당4동 272-3,both
833,사당1동점,서울특별시,동작구,서울특별시 동작구 사당동 1038-12,both
834,시흥5동점,서울특별시,금천구,서울특별시 금천구  금하로 731-7,both
835,시흥1동점,서울특별시,금천구,서울특별시 금천구  은행나무로 24,both
836,독산3동점,서울특별시,금천구,서울특별시 금천구  시흥대로 148길 22,both
837,독산1동점,서울특별시,금천구,"서울특별시 금천구  벚꽃로 40, 114동 128호",both
838,가산점,서울특별시,금천구,서울특별시 금천구 가산동 151-25,both
839,순창점,전라북도,순창군,전라북도 순창군 순창읍 장류로 358,both
840,수유2동벽산점,서울특별시,강북구,서울특별시 강북구  삼양로 424,both
841,번동점,서울특별시,강북구,"서울특별시 강북구 번동 330-1, 104호",both
842,미아1호점,서울특별시,강북구,서울특별시 강북구  삼양로 198,both
843,수석석남점,충청남도,서산시,충청남도 서산시  덕지천로 105 (석림동),both
844,서산지곡점,충청남도,서산시,충청남도 서산시 지곡면 화천리 371-4,both
845,송림송현점,인천광역시,동구,인천광역시 동구  금곡로 86-1,both
846,속초조양점,강원도,속초시,"강원도 속초시  조양상가길 2, 110호",both
847,속초교동점,강원도,속초시,강원도 속초시 교동 교동로 113번지,both
848,서천점,충청남도,서천군,충청남도 서천군 서천읍 사곡리 304-68,both
849,서창지구점,인천광역시,남동구,인천광역시 남동구 서창동 112 서창먹거리타운 1층,both
850,만수2호점,인천광역시,남동구,인천광역시 남동구  만수서로21번길 4,both
851,만수1호점,인천광역시,남동구,"인천광역시 남동구  장승로 14, 창대아트빌",both
852,논현고잔1호점,인천광역시,남동구,인천광역시 남동구  논고개로 136번길 12,both
853,구월점,인천광역시,남동구,인천광역시 남동구  독점로3번길 30-6,both
854,관교구월2호점,인천광역시,남동구,인천광역시 남동구  문화서로28번길 8,both
855,간석1동점,인천광역시,남동구,인천광역시 남동구  예술로 278,both
856,서남금동점,광주광역시,동구,광주광역시 동구  백서로 125번길 28-1,both
857,광주학동점,광주광역시,동구,광주광역시 동구  의재로 54,both
858,상주냉림무양점,경상북도,상주시,경상북도 상주시  냉림2길 31-3,both
859,경북상주점,경상북도,상주시,경상북도 상주시  남성3길 31,both
860,상무2호점,광주광역시,서구,광주광역시 서구 화정로85번길 30-1 1층,both
861,내방농성점,광주광역시,서구,광주광역시 서구  월산로 257,both
862,광주화정점,광주광역시,서구,광주광역시 서구  월드컵4강로 28번길 35,both
863,광주풍암점,광주광역시,서구,"광주광역시 서구  풍암순환로 183, 208호",both
864,광주상무점,광주광역시,서구,광주광역시 서구  치평동 1168,both
865,광주동천동림점,광주광역시,서구,광주광역시 서구  동천로 10번길 12-2,both
866,광주금호점,광주광역시,서구,광주광역시 서구  금부로번길 9,both
867,삼천포점,경상남도,사천시,경상남도 사천시 벌리동 420-8번지,both
868,경남사천점,경상남도,사천시,경상남도 사천시 사천읍 사주리 90-15,both
869,삼척점,강원도,삼척시,강원도 삼척시 대학로 40,both
870,산북소룡점,전라북도,군산시,전라북도 군산시  원산북2길 37,both
871,문화신풍점,전라북도,군산시,전라북도 군산시 대학로 120-1,both
872,나운2호점,전라북도,군산시,전라북도 군산시 부곡1길 39 1층 108호(나운동),both
873,군산조촌점,전라북도,군산시,전라북도 군산시  부골2길 53,both
874,군산수송점,전라북도,군산시,전라북도 군산시  축동로 7,both
875,군산나운점,전라북도,군산시,"전라북도 군산시  대학로 316, 1층",both
876,불로봉무점,대구광역시,동구,대구광역시 동구 팔공로101길 47,both
877,대구율하점,대구광역시,동구,대구광역시 동구  율하동로 25길 2 (신기동),both
878,대구신천점,대구광역시,동구,대구광역시 동구 신천3동 183-1번지,both
879,대구방촌점,대구광역시,동구,"대구광역시 동구  방촌로125, 101동 111호(방촌동,현대아파트상가)",both
880,대구반야월점,대구광역시,동구,"대구광역시 동구  반야월로370, 306동 103호",both
881,부천원미점,경기도,부천시원미구,경기도 부천시원미구  원미로 137,left_only
882,부여점,충청남도,부여군,충청남도 부여군 부여읍 중앙로5번길 24-10,both
883,부안읍점,전라북도,부안군,"전라북도 부안군 부안읍 학동길 21-1, 201호",both
884,부산화명점,부산광역시,북구,부산광역시 북구 화명3동 2287-1 리버사이드빌딩 107-1호,both
885,부산만덕점,부산광역시,북구,"부산광역시 북구  만덕2로 44번길 72, 106호",both
886,부산덕천점,부산광역시,북구,부산광역시 북구 덕천1동 408-18번지,both
887,부산금곡점,부산광역시,북구,부산광역시 북구  효열로 207,both
888,부산구포점,부산광역시,북구,부산광역시 북구  시랑로7번길 4,both
889,부산학장점,부산광역시,사상구,부산광역시 사상구 학장동 610-7번지,both
890,부산주례점,부산광역시,사상구,부산광역시 사상구  양지로 8번길 45-15,both
891,부산주례2호점,부산광역시,사상구,부산광역시 사상구 주례동 80-29번지 1층,both
892,부산엄궁점,부산광역시,사상구,부산광역시 사상구  엄궁북로 4번길 7,both
893,부산덕포점,부산광역시,사상구,부산광역시 사상구  삼덕로 72-1,both
894,부산하단점,부산광역시,사하구,부산광역시 사하구 하단2동 870-268번지,both
895,부산장림점,부산광역시,사하구,부산광역시 사하구  다대로 320번길 25,both
896,부산당리점,부산광역시,사하구,부산광역시 사하구  다대로 4,both
897,부산다대점,부산광역시,사하구,부산광역시 사하구 다대1동 933-12번지,both
898,부산괴정점,부산광역시,사하구,부산광역시 사하구 괴정동 929번지,both
899,부산괴정2호점,부산광역시,사하구,부산광역시 사하구  사리로 42,both
900,부산감천점,부산광역시,사하구,부산광역시 사하구  감천로 69,both
901,다대2동점,부산광역시,사하구,부산광역시 사하구  다대로 429번길 20,both
902,부산초읍점,부산광역시,부산진구,부산광역시 부산진구  성지로 104번길 46,both
903,부산전포점,부산광역시,부산진구,부산광역시 부산진구  서전로 58번길 51,both
904,부산양정점,부산광역시,부산진구,부산광역시 부산진구  양정로 6,both
905,부산부암점,부산광역시,부산진구,부산광역시 부산진구  백양순환로 137-1,both
906,부산범천점,부산광역시,부산진구,부산광역시 부산진구 범천동 850-15,both
907,부산당감점,부산광역시,부산진구,부산광역시 부산진구  당감서로 118-1,both
908,부산개금점,부산광역시,부산진구,부산광역시 부산진구 개금3동 470-8번지,both
909,부산가야점,부산광역시,부산진구,부산광역시 부산진구  가야대로 552번길 135,both
910,"개금1,2동점",부산광역시,부산진구,부산광역시 부산진구  엄광로 52-1,both
911,부산초량점,부산광역시,동구,부산광역시 동구  초량로 59,both
912,부산수정점,부산광역시,동구,부산광역시 동구  홍곡로 74,both
913,부산청학점,부산광역시,영도구,부산광역시 영도구 청학동 신도브래뉴 상가 112호,both
914,부산동삼점,부산광역시,영도구,부산광역시 영도구  동삼로 79,both
915,부산남항점,부산광역시,영도구,부산광역시 영도구 남항2가 224-5번지,both
916,부산장전점,부산광역시,금정구,부산광역시 금정구  장전온천천로 73번길 6,both
917,부산서동점,부산광역시,금정구,부산광역시 금정구  서곡로 34,both
918,부산부곡점,부산광역시,금정구,부산광역시 금정구  중앙대로1706번길 15,both
919,부산부곡2호점,부산광역시,금정구,부산광역시 금정구  서동로 36,both
920,부산남산점,부산광역시,금정구,부산광역시 금정구  남산로37번길 60,both
921,부산구서점,부산광역시,금정구,부산광역시 금정구 구서2동 184-23번지,both
922,부산수영점,부산광역시,수영구,"부산광역시 수영구  수영로 741번길 46, 협성르네상스상가 218동 10",both
923,부산망미점,부산광역시,수영구,부산광역시 수영구  망미배산로24번길 24,both
924,부산남천점,부산광역시,수영구,부산광역시 수영구 남천동 171 우성보라아파트 상가동 2호,both
925,부산광안1동점,부산광역시,수영구,부산광역시 수영구 민락동 167-1번지,both
926,"광안2,4동점",부산광역시,수영구,부산광역시 수영구 광안동 168-7번지,both
927,부산송도점,부산광역시,서구,부산광역시 서구  암남공원로 27,both
928,부산동대신점,부산광역시,서구,부산광역시 서구 동대신동 2가 261-1번지,both
929,부산대신점,부산광역시,서구,부산광역시 서구 서대신동3가 279-14번지 2통 4반,both
930,부산명지점,부산광역시,강서구,"부산광역시 강서구  명지오션시티2로 71, 극동스타클래스상가 205호",both
931,명지국제신도시점,부산광역시,강서구,부산광역시 강서구 명지동 3412-2 정우빌딩 2차 1층 114호,both
932,보성벌교점,전라남도,보성군,전라남도 보성군 벌교읍 채동선로 249,both
933,보령동대점,충청남도,보령시,충청남도 보령시 동대동 476-4번지,both
934,대천해수욕장점,충청남도,보령시,"충청남도 보령시  해수욕장6길 124, 102호",both
935,"범어1,2,3동점",대구광역시,수성구,대구광역시 수성구  동대구로73길 24,both
936,대구황금점,대구광역시,수성구,대구광역시 수성구 황금동 228-1번지 외 1필지,both
937,대구파동점,대구광역시,수성구,대구광역시 수성구  파동로 174,both
938,대구지산점,대구광역시,수성구,대구광역시 수성구 지산동 1272-2번지 에덴상가 5호,both
939,대구신매점,대구광역시,수성구,대구광역시 수성구  고산로4안길 33-14,both
940,대구수성점,대구광역시,수성구,대구광역시 수성구 수성로271,both
941,대구상.중동점,대구광역시,수성구,대구광역시 수성구 상동 316-9번지,both
942,대구범어4만촌3점,대구광역시,수성구,대구광역시 수성구  범어로18길 56,both
943,대구메트로점,대구광역시,수성구,대구광역시 수성구 만촌동 962-15,both
944,대구매호점,대구광역시,수성구,대구광역시 수성구  매호동 1323-9 번지,both
945,방림양림점,광주광역시,남구,광주광역시 남구 방림동 473-1 송림주택1동 101호,both
946,광주효천점,광주광역시,남구,"광주광역시 남구  효우2로26번길 18,1층 108호",both
947,광주진월점,광주광역시,남구,광주광역시 남구  서문대로 633번길 17,both
948,광주주월점,광주광역시,남구,광주광역시 남구  회서로 11번길 13,both
949,광주봉선점,광주광역시,남구,광주광역시 남구 봉선동 1011-6번지,both
950,광주백운점,광주광역시,남구,"광주광역시 남구 백운로 29, 1층",both
951,문경새재점,경상북도,문경시,경상북도 문경시 문경읍 주흘1길 25,both
952,경북문경점,경상북도,문경시,경상북도 문경시  반쟁이3길9,both
953,무안남악점,전라남도,무안군,전라남도 무안군 삼향읍 남악영산길 39 신동아파밀리에상가 102호,both
954,마산회원점,경상남도,창원시마산회원구,경상남도 창원시마산회원구  북성로 156,left_only
955,마산삼계점,경상남도,창원시마산회원구,경상남도 창원시마산회원구 내서읍 내서읍 삼계리 601번지,left_only
956,마산양덕점,경상남도,마산회원구,경상남도 마산회원구  양덕로 140,left_only
957,둔내점,강원도,횡성군,강원도 횡성군 둔내면 고원로 433,both
958,강원횡성점,강원도,횡성군,강원도 횡성군 횡성읍 북천리115-52,both
959,동해천곡점,강원도,동해시,강원도 동해시 천곡동 1052-22 102호,both
960,동해북삼점,강원도,동해시,강원도 동해시 동회동  66-4 동보상가 나동 4호,both
961,대명1호점,대구광역시,남구,대구광역시 남구  대명로 20길 22-2,both
962,대구봉덕점,대구광역시,남구,대구광역시 남구  중앙대로22길 155,both
963,대구평리1호점,대구광역시,서구,대구광역시 서구  평리로 377,both
964,내당중리점,대구광역시,서구,대구광역시 서구  평리로50길 27,both
965,대구태전점,대구광역시,북구,대구광역시 북구 태전동 칠곡중앙대로 53길 10,both
966,대구침산점,대구광역시,북구,대구광역시 북구  침산남로 19길 6,both
967,대구복현점,대구광역시,북구,대구광역시 북구 복현2동 265-1,both
968,대구동천점,대구광역시,북구,대구광역시 북구  팔거천동로 34길 3-17,both
969,대구대현점,대구광역시,북구,대구광역시 북구  대현로 116,both
970,대구노원점,대구광역시,북구,대구광역시 북구  팔달로 153,both
971,대구구암점,대구광역시,북구,대구광역시 북구  구암로 43길 13,both
972,대구관음점,대구광역시,북구,대구광역시 북구 관음동 600-2번지,both
973,대구대봉점,대구광역시,중구,"대구광역시 중구  대봉로 268, 1층",both
974,대구남산대신점,대구광역시,중구,대구광역시 중구  남산로 17길 145,both
975,담양점,전라남도,담양군,전라남도 담양군 담양읍 천변1길 11,both
976,김해활천점,경상남도,김해시,경상남도 김해시 어방동 319-11,both
977,김해진영점,경상남도,김해시,경상남도 김해시 진영읍 장등로 30,both
978,김해장유점,경상남도,김해시,경상남도 김해시 장유면 삼문리 467-6번지,both
979,김해율하점,경상남도,김해시,경상남도 김해시 율하동 1403번지 부상가 101호,both
980,김해외동점,경상남도,김해시,경상남도 김해시 외동  1242-2 1층,both
981,김해삼방점,경상남도,김해시,경상남도 김해시  삼안로 169,both
982,김해삼계점,경상남도,김해시,경상남도 김해시 삼계동 1500-1 1층,both
983,김해부원점,경상남도,김해시,경상남도 김해시 김해대로2385번길 18-1,both
984,김해동장유점,경상남도,김해시,경상남도 김해시 월산로 111-43,both
985,김해내동점,경상남도,김해시,경상남도 김해시 외동 1121-1 동신빌딩 112호,both
986,김해구산대성점,경상남도,김해시,경상남도 김해시 구산동 555번지 106호,both
987,김천혁신점,경상북도,김천시,경상북도 김천시  율곡동 416 중흥에스클래스파라디움상가 2동 108호,both
988,김천1호점,경상북도,김천시,경상북도 김천시  신음새동네2길 31,both
989,김제점,전라북도,김제시,전라북도 김제시  요촌중길 93,both
990,금산읍점,충청남도,금산군,충청남도 금산군 금산읍 비단로 329,both
991,과천1호점,경기도,과천시,경기도 과천시 원문동 4번지 레미안슈르A상가 1011호,both
992,공주중동점,충청남도,공주시,"충청남도 공주시  가구점길3, 1층",both
993,공주신관점,충청남도,공주시,"충청남도 공주시  흑수골길 48, 1층",both
994,곡성점,전라남도,곡성군,전라남도 곡성군 곡성읍 읍내리 250-8,both
995,고흥읍점,전라남도,고흥군,전라남도 고흥군 고흥읍 봉황길 32-1,both
996,고흥녹동점,전라남도,고흥군,전라남도 고흥군 도양읍 녹동남촌1길 24-1,both
997,고한사북점,강원도,정선군,강원도 정선군 사북읍 중앙로 68번지,both
998,고창점,전라북도,고창군,전라북도 고창군 고창읍 월곡공원1길 18,both
999,계룡점,충청남도,계룡시,충청남도 계룡시  금암로 155-11,both
1000,경북청송점,경상북도,청송군,경상북도 청송군 청송읍 중앙로 236,both
1001,경북청도점,경상북도,청도군,경상북도 청도군 청도읍 고수리 152-27,both
1002,경북의성점,경상북도,의성군,경상북도 의성군 의성읍 중앙길 59,both
1003,경북울진점,경상북도,울진군,경상북도 울진군 울진읍 울진중앙로 186-4,both
1004,경북성주점,경상북도,성주군,경상북도 성주군 성주읍 성주순환로162,both
1005,경북봉화점,경상북도,봉화군,"경상북도 봉화군 봉화읍 신시장1길 4, 105호",both
1006,경남합천점,경상남도,합천군,경상남도 합천군 합천읍 합천리 충효로 4길 10,both
1007,경남함양점,경상남도,함양군,경상남도 함양군  용평중앙길 25,both
1008,경남하동점,경상남도,하동군,경상남도 하동군 하동읍 경서대로 106,both
1009,경남밀양점,경상남도,밀양시,경상남도 밀양시  밀양대로 1770-1 (삼문동),both
1010,경남남해점,경상남도,남해군,경상남도 남해군 남해읍 화전로 78번길 11,both
1011,경남고성점,경상남도,고성군,경상남도 고성군 고성읍 중앙로 15번길 8,both
1012,거창점,경상남도,거창군,"경상남도 거창군 거창읍 공수들7길 20, 1층",both
1013,강화점,인천광역시,강화군,인천광역시 강화군 강화읍 강화대로 199,both
1014,갈말점,강원도,철원군,강원도 철원군 갈말읍 명성로139번길 13-22,both
1015,가평점,경기도,가평군,경기도 가평군 가평읍 오리나무길 41-15,both
1016,,인천광역시,옹진군,,right_only
1017,,충청북도,보은군,,right_only
1018,,충청북도,단양군,,right_only
1019,,충청남도,청양군,,right_only
1020,,전라북도,진안군,,right_only
1021,,전라북도,무주군,,right_only
1022,,전라북도,장수군,,right_only
1023,,전라북도,임실군,,right_only
1024,,전라남도,구례군,,right_only
1025,,전라남도,함평군,,right_only
1026,,전라남도,신안군,,right_only
1027,,경상북도,소계,,right_only
1028,,경상북도,군위군,,right_only
1029,,경상북도,영양군,,right_only
1030,,경상북도,고령군,,right_only
1031,,경상북도,예천군,,right_only
1032,,경상북도,울릉군,,right_only
1033,,경상남도,소계,,right_only
1034,,경상남도,의령군,,right_only
1035,,경상남도,산청군,,right_only
