,name,address,city,rigeon
0,가락2점,서울 송파구 가락2동 190-7번지  1층,서울,송파구
1,가락점,서울 송파구 가락동 90-3,서울,송파구
2,가산디지털단지점(올리브카페),서울특별시 금천구 디지털로 210 (가산동) ,서울특별시,금천구
3,가산점,서울 금천구 가산동  152-16,서울,금천구
4,가양역점(치킨앤비어),"서울특별시 강서구 양천로 476 (등촌동, 금부빌딩) 1층7호",서울특별시,강서구
5,가양점,"서울특별시 강서구 강서로 497 (가양동, 학원빌딩) 1층",서울특별시,강서구
6,가평북면점,경기도 가평군 북면 화악산로 18 1층,경기도,가평군
7,가평설악점,경기 가평군 설악면 신천리 462-14,경기,가평군
8,가평점(2)(올리브카페),경기도 가평군 가평읍 보납로6번길 5 (다솜어린이집) 1층,경기도,가평군
9,가평현리점(2)(올리브치킨),경기도 가평군 조종면 현창로 68 ,경기도,가평군
10,강남고속버스터미널점,"서울특별시 서초구 신반포로 194 강남고속버스터미널 (반포동,본관지층)",서울특별시,서초구
11,강남대점,"경기도 용인시 기흥구 강남동로 12 (구갈동) 108, 109호",경기도,용인시
12,강남세곡점(cafe),"서울특별시 강남구 헌릉로 569 (세곡동) 101(세곡동,강남리더스프라자)",서울특별시,강남구
13,강릉교동점,강원 강릉시 화부산로 118,강원,강릉시
14,강릉교동택지점(치킨앤비어),강원도 강릉시 교동광장로100번길 20 1층(교동),강원도,강릉시
15,강릉성덕점,강원도 강릉시 월대산로 64 (입암동) (입암동),강원도,강릉시
16,강북스타2호점,서울특별시 강북구 오현로32길 3 ,서울특별시,강북구
17,강북스타3호점,"서울특별시 강북구 삼양로27길 43 (미아동, 위브 테라 1층 111호",서울특별시,강북구
18,강북스타점,서울특별시 강북구 한천로 992 ,서울특별시,강북구
19,강서지사점(express)(2),부산광역시 강서구 과학산단로334번다길 39 (지사동) ,부산광역시,강서구
20,강선점,경기 고양시 일산서구 주엽동 83 강선마을 상가동1층,경기,고양시
21,강원간성점,강원 고성군 간성읍 신안리 162-2,강원,고성군
22,강원거진점(올리브치킨)(2),강원도 고성군 거진읍 거진길 30-1 ,강원도,고성군
23,강원양구점,강원 양구군 양구읍 상리 273-3,강원,양구군
24,강원양양점,강원 양양군 양양읍 남문1리 97-3번지,강원,양양군
25,강원인제점,강원 인제군 인제읍 상동리 347-1,강원,인제군
26,강원태백점,강원 태백시 황지동 215-7,강원,태백시
27,강원홍천점,강원도 홍천군 홍천읍 홍천로3길 15 ,강원도,홍천군
28,강일지구점,"서울특별시 강동구 아리수로93길 27 202(강일동,,2강일타워2층202호~203호)",서울특별시,강동구
29,강화세광점,인천 강화군 선원면 창리 642-1,인천,강화군
30,강화점,인천광역시 강화군 강화읍 강화대로 358 (전원표구화 ,인천광역시,강화군
31,개봉역점,"서울특별시 구로구 개봉로23가길 76 107(개봉동,한마음프라자)",서울특별시,구로구
32,개봉점,서울 구로구 개봉동 329-13,서울,구로구
33,개포2점,서울 강남구 개포동 141번지 개포주공1단지상가 가상가 101동 2호,서울,강남구
34,개포동역점(올리브치킨),"서울특별시 강남구 개포로 512 (개포동, 개포종합상가 1층 108호",서울특별시,강남구
35,개포스타점,서울특별시 강남구 논현로12길 19-9 (개포동) ,서울특별시,강남구
36,개포점(올리브치킨)(2),"서울특별시 강남구 개포로 250 (개포동, 선광빌딩) 1층 101호",서울특별시,강남구
37,거여점,서울 송파구 거여동 343-4 송파공고옆,서울,송파구
38,거제고현점,경남 거제시 고현동 1035-6,경남,거제시
39,거제삼성점,"경상남도 거제시 장평4로 57 (장평동, 그린피아) 101호",경상남도,거제시
40,거제상동점,경남 거제시 상동동 931-18 상가동 102호 ,경남,거제시
41,거제수월수양점(올리브카페),경상남도 거제시 수양로 432 (수월동) ,경상남도,거제시
42,거제아주점(Cafe),경상남도 거제시 아주1로1길 42-1 (아주동) 1층,경상남도,거제시
43,거제옥포점,경상남도 거제시 성산로1길 2 (옥포동) 1층,경상남도,거제시
44,거제장승포점(올리브치킨),경상남도 거제시 두모길 5 1층(두모동),경상남도,거제시
45,거제중곡점,경상남도 거제시 중곡로1길 28-4 (고현동) 1층(고현동),경상남도,거제시
46,경기광주2호점(cafe),경기 광주시 탄벌동 765 경남아파트상가비동103호,경기,광주시
47,경기광주쌍동점(3)(올리브카페),경기도 광주시 초월읍 경충대로 1081-36 104호,경기도,광주시
48,경기광주역점(올리브카페),경기도 광주시 장지1길 19 (장지동) 1층,경기도,광주시
49,경기광주중앙점,경기도 광주시 중앙로 150 (경안동) ,경기도,광주시
50,경기광주태전점,경기도 광주시 태봉로 23 (태전동) ,경기도,광주시
51,경기광주퇴촌점,경기 광주시 퇴촌면 광동리 173-7,경기,광주시
52,경기능골점,경기 광주시 오포읍 능평리 174-33,경기,광주시
53,경기사강점,경기도 화성시 송산면 사강로 159 106호~107호,경기도,화성시
54,경기양벌리점,경기 광주시 오포읍 양벌리 561-1,경기,광주시
55,경기양평점,경기도 양평군 양평읍 관문길 57 ,경기도,양평군
56,경남거창점,경남 거창군 거창읍 중앙리 1~335 334-4번지,경남,거창군
57,경남고성점,경남 고성군 고성읍 서외리 224-6 상우궁전빌라 101,경남,고성군
58,경남금산점,경남 진주시 금산면 중천리 408-4,경남,진주시
59,경남산청점(4),경상남도 산청군 산청읍 웅석봉로 38-1 ,경상남도,산청군
60,경남안의점1,경남 함양군 안의면 당본리 21-1번지,경남,함양군
61,경남영산점,경상남도 창녕군 영산면 영산새싹길 28 ,경상남도,창녕군
62,경남원지점,경남 산청군 신안면 하정리 929-2,경남,산청군
63,경남진교점,경남 하동군 진교면 진교리 426-77,경남,하동군
64,경남진영2점(cafe),경남 김해시 진영읍 여래리 700-187번지,경남,김해시
65,경남창녕점,경남 창녕군 창녕읍 교하리 46-2,경남,창녕군
66,경남칠원점,경남 함안군 칠원면 용산리 39-2,경남,함안군
67,경남하동점,경상남도 하동군 하동읍 경서대로 156 ,경상남도,하동군
68,경남함안점,경남 함안군 가야읍 말산리 487-5,경남,함안군
69,경남함양점,경남 함양군 함양읍 용평리 720-15,경남,함양군
70,경남합천점(올리브카페),경상남도 합천군 합천읍 충효로3길 3 2층,경상남도,합천군
71,경북고령점,경북 고령군 고령읍 쾌빈리 483-1,경북,고령군
72,경북봉화점,경상북도 봉화군 내성로1길 47 ,경상북도,봉화군
73,경북북삼로뎀점,경상북도 칠곡군 북삼읍 북삼로 11길 8,경상북도,칠곡군
74,경북성주가천점,경북 성주군 가천면 창천리 518-1,경북,성주군
75,경북신도청점,경상북도 예천군 호명면 양지4길 4 ,경상북도,예천군
76,경북영주가흥점,경상북도 영주시 대학로 207 (가흥동) 101호,경상북도,영주시
77,경북영주점,"경상북도 영주시 선비로 206-1 (영주동, 호산나음악학 bbq올리브카페",경상북도,영주시
78,경북영주휴천점,경북 영주시 조암동 1187-35,경북,영주시
79,경북예천점(올리브치킨),경상북도 예천군 예천읍 중앙로 74 (예천성인콜라텍) ,경상북도,예천군
80,경산사동점,경북 경산시 사동 652-8,경북,경산시
81,경산옥산1점,경북 경산시 옥산동 865번지,경북,경산시
82,경산옥산점,경북 경산시 정평동 138-6 우방상가 103-106호,경북,경산시
83,경산진량점,경상북도 경산시 진량읍 공단1로 2 ,경상북도,경산시
84,경산하양점,경상북도 경산시 하양읍 대경로 655 1층,경상북도,경산시
85,경주건천점,경상북도 경주시 건천읍 대경로 3977 ,경상북도,경주시
86,경주금장점(올리브치킨),경상북도 경주시 현곡면 안현로 68-7 (새한센시빌아파 산가동 109호,경상북도,경주시
87,경주나아점,경상북도 경주시 양남면 나아5길 10-5 ,경상북도,경주시
88,경주대명리조트(특화),"경상북도 경주시 보문로 402-12 (신평동, 대명리조트) ",경상북도,경주시
89,경주동천점,경북 경주시 동천동 817-3,경북,경주시
90,경주불국사점,경북 경주시 진현동 611-114,경북,경주시
91,경주성건점,경상북도 경주시 금성로 385 (성건동) ,경상북도,경주시
92,경주안강점(치킨앤비어),경상북도 경주시 안강읍 구부랑4길 11 ,경상북도,경주시
93,경주외동점,경북 경주시 외동읍 입실1리 1016-8,경북,경주시
94,경주용강점,"경상북도 경주시 다불로 49 (용강동, 삼환나우빌) ,5(용강동,삼환나우빌상가)",경상북도,경주시
95,경주충효이안점(올리브카페),경상북도 경주시 충효천길 263-10 (충효동) 1층,경상북도,경주시
96,경주충효점,경상북도 경주시 충효4길  9-1(충효동),경상북도,경주시
97,경주황성2호점(올리브카페),경상북도 경주시 용담로116번길(황성동) ,경상북도,경주시
98,경주황성점,경북 경주시 황성동 277-4,경북,경주시
99,경희궁자이점,서울 종로구 무악동 45-304,서울,종로구
100,계산역점,인천광역시 계양구 경명대로 1091 (계산동) 에이동 1층,인천광역시,계양구
101,고덕점,서울 강동구 고덕1동 645-8번지,서울,강동구
102,고색행복점,경기도 수원시 권선구 매송고색로 701 (고색동) ,경기도,수원시
103,고성대진점,강원 고성군 현내면 대진리 111-7,강원,고성군
104,고양관산동점,경기도 고양시 덕양구 통일로768번길 19 (관산동) 1층 104호,경기도,고양시
105,고양원당점(cafe),경기 고양시 덕양구 성사동 720-1번지,경기,고양시
106,고양원흥점(2)(express),"경기도 고양시 덕양구 삼원로 102 (원흥동, 엘에이치 상가동 105호",경기도,고양시
107,고양점,"경기도 고양시 덕양구 혜음로 103 (고양동, 신성프라 104호",경기도,고양시
108,고양행신가람점,경기도 고양시 덕양구 행신로 351-9 (행신동) 1층,경기도,고양시
109,고잔신도시점,"경기도 안산시 상록구 해양1로 15 (사동, 안산고잔6차 104,105호",경기도,안산시
110,고창본점,전북 고창군 고창읍 읍내리 197-8,전북,고창군
111,고척점,서울특별시 구로구 경인로47다길 10 (고척동) ,서울특별시,구로구
112,고흥거금도점,전남 고흥군 금산면 거금중앙길 137,전남,고흥군
113,곤지암리조트점,경기도 광주시 도척면 도척윗로 278 ,경기도,광주시
114,곤지암점,경기 광주시 실촌면 곤지암리 453-48번지,경기,광주시
115,공도청설점(3)(올리브카페),경기도 안성시 공도읍 진건중길 45 110호,경기도,안성시
116,공릉점,서울특별시 노원구 공릉로 199 103(공릉동),서울특별시,노원구
117,공주신관점,충남 공주시 금흥동 현대4차A상가 104호,충남,공주시
118,공주옥룡점,충남 공주시 옥룡동 330-1,충남,공주시
119,공주이인점,충남 공주시 이인면 이인리 159-5,충남,공주시
120,공항점,서울 강서구 공항동 41-44번지,서울,강서구
121,과천부림점,경기 과천시 부림동 20-1 일반상가 6호,경기,과천시
122,과천점,경기 과천시 별양동 1-3  제일상가 2층 204호,경기,과천시
123,관저구봉점(올리브치킨),"대전광역시 서구 관저로 48 분산상가동 103호(관저동, 구봉마을7단지)",대전광역시,서구
124,광교도청점,"경기 수원시 영통구 이의동 지타워203호,204호",경기,수원시
125,광교상현점(직영)(프리미엄),"경기도 용인시 수지구 법조로 242 1층 101호, 201호(상현동, 광교파크프라자)",경기도,용인시
126,광나루점(Cafe),"서울특별시 광진구 광나루로 595 (광장동, 광장자이아 광장자이아파트상가 5호",서울특별시,광진구
127,광명본점,경기 광명시 광명7동 720-5   1층,경기,광명시
128,광명소하점,경기 광명시 소하동 1323-1 103,경기,광명시
129,광명소하점(치킨앤비어),경기도 광명시 성채로50번길 9-12 101 (소하동),경기도,광명시
130,광명역점(올리브치킨),경기도 광명시 일직로12번길 11 (일직동) 1층 4호,경기도,광명시
131,광명철산점,경기 광명시 철산동 241-2 바상가106호,경기,광명시
132,광명철산푸르지오,"경기도 광명시 디지털로 24 (철산동, 철산푸르지오하 113동B125호",경기도,광명시
133,광명하안3점(8),서울 금천구 독산동 1100-3번지,서울,금천구
134,광명하안점,"경기도 광명시 가림로 54-11 (하안동, 하안주공아파트 일반상가 107호)",경기도,광명시
135,광명하안중앙점(4),"경기도 광명시 하안로 293-10 (하안동, 정산빌딩) ",경기도,광명시
136,광양덕례점,전남 광양시 광양읍 구산리 848-23 ,전남,광양시
137,광양용강점(올리브카페),전라남도 광양시 광양읍 와룡길 30-1 ,전라남도,광양시
138,광양중동점,전라남도 광양시 광장1길 21 (중동) ,전라남도,광양시
139,광양중마점,전남 광양시 중동 1540-11,전남,광양시
140,광장점,서울특별시 광진구 구의로16길 89 (구의동) 1층,서울특별시,광진구
141,광주금호점,"광주광역시 서구 금화로115번길 25 (금호동, 한국2차 도시공사2단지상가동102호",광주광역시,서구
142,광주도척점,경기도 광주시 도척면 노곡로 19 (1층),경기도,광주시
143,광주도평리점,경기도 광주시 초월읍 현산로 106 ,경기도,광주시
144,광주마재점,"광주광역시 서구 화개중앙로 55 (금호동,1층)",광주광역시,서구
145,광주매곡점,광주광역시 북구 서하로 96 (매곡동) 1층,광주광역시,북구
146,광주목포연산점,전남 목포시 산정동 1778-16,전남,목포시
147,광주백운점(express),광주광역시 남구 백운로 91-2 (백운동) 104(1층),광주광역시,남구
148,광주봉선점,광주광역시 남구 봉선중앙로 3 ,광주광역시,남구
149,광주상무점,"광주광역시 서구 상무중앙로 57 (치평동, 상무중흥S클 ",광주광역시,서구
150,광주송정점,광주광역시 광산구 광산로 5-1 (송정동) .,광주광역시,광산구
151,광주송정점(올리브카페),경기도 광주시 광주대로224번길 1 (송정동) 1층 3호,경기도,광주시
152,광주수완신가점(올리브카페),"광주광역시 광산구 수등로76번길 15 (신가동, 스타빌) 1층",광주광역시,광산구
153,광주수완장덕점(P-cafe)(3),광주광역시 광산구 풍영로 277 (장덕동) 1층,광주광역시,광산구
154,광주수완점,광주광역시 광산구 장신로 135 (수완동) 1층 109호,광주광역시,광산구
155,광주신창행운점,광주광역시 광산구 왕버들로251번길 14 (신창동) 1층,광주광역시,광산구
156,광주쌍촌점,광주광역시 서구 내방로240번길 5 (쌍촌동) 1층,광주광역시,서구
157,광주영암점,전남 영암군 영암읍 서남리 66-1번지,전남,영암군
158,광주용두점,광주 북구 양산동 910,광주,북구
159,광주용봉비엔날레점(cafe),광주 북구 용봉동 1091-4번지 엠타워 103호,광주,북구
160,광주운남점,광주 광산구 운남동 목련로 153번길 31 1층,광주,광산구
161,광주운암점(Cafe),광주 북구 운암동 959-2 1층,광주,북구
162,"광주일곡점(타변,올리브치킨)(2)",광주광역시 북구 송해로 72 1층(일곡동),광주광역시,북구
163,광주진월점,광주 남구 진월동 412-5번지,광주,남구
164,광주첨단2지구점,"광주광역시 북구 첨단연신로 250 (신용동, 첨단휴먼시 신용동,휴먼시아상가동2층203호",광주광역시,북구
165,광주첨단금호점,광주 광산구 월계동 756-6 라인5차아파트 상가-101,광주,광산구
166,광주첨단월계점,광주 광산구 월계동 813-9,광주,광산구
167,광주치평본점,"광주광역시 서구 상무자유로 173 치평동,1,2층",광주광역시,서구
168,광주풍암점,광주 서구 풍암동 1080-12,광주,서구
169,광주풍암점,광주광역시 서구 풍암1로21번길 15-13 (풍암동) 1층,광주광역시,서구
170,광주하남점,광주광역시 광산구 하남대로54번안길 3 (하남동) ,광주광역시,광산구
171,광주학운점,광주 동구 학동 676-12 보람아파트 상가 103호,광주,동구
172,광주화정점,광주광역시 서구 염화로 122 (화정동) 1층,광주광역시,서구
173,광탄점,경기 파주시 광탄면 신산리 358-17,경기,파주시
174,교대본점,서울특별시 서초구 남부순환로 339길 63(서초동 1층),서울특별시,서초구
175,교대역점(올리브카페)(3),"서울특별시 서초구 서초중앙로24길 9 (서초동, 신우빌 1층 10호",서울특별시,서초구
176,교하신도시점,"경기도 파주시 책향기로 439 (동패동, 책향기마을동문 204호",경기도,파주시
177,교현스타점(올리브치킨),충청북도 충주시 신호4길 26 (교현동) 1층,충청북도,충주시
178,구로점,서울 구로구 구로동 429-41번지,서울,구로구
179,구룡포점,경북 포항시 남구 구룡포읍 구룡포리 704-9,경북,포항시
180,구리갈매점(2)(올리브카페),"경기도 구리시 갈매중앙로 89-8 (갈매동, 로데오프라 1층 102호",경기도,구리시
181,구리교문점,경기 구리시 교문동 803,경기,구리시
182,구리수택점,경기도 구리시 이문안로99번길 24 (수택동) 1층,경기도,구리시
183,구미공단점,"경상북도 구미시 산호대로 233 (공단동, 구미BOX IN) 1층 116호",경상북도,구미시
184,구미봉곡점(올리브치킨),경상북도 구미시 봉곡북로 56 나동 1층(봉곡동),경상북도,구미시
185,구미산동점(올리브치킨2),경상북도 구미시 산동면 신당4로 17 상가2동 1층 101호(우미린센트럴파크),경상북도,구미시
186,구미석적점,경상북도 칠곡군 석적읍 동중리1길 11 ,경상북도,칠곡군
187,구미송정점,경북 구미시 송정동 80-5,경북,구미시
188,구미신평점,경북 구미시 신평동 150-49번지,경북,구미시
189,구미옥계2점,경상북도 구미시 산호대로25길 26-19 (옥계동) ,경상북도,구미시
190,구미옥계사랑점,"경북 구미시 옥계동 4공단 18-3, 6블럭 현진에버빌단지내상가1층 104",경북,구미시
191,구미원호점,경북 구미시 도량동 707-8번지 101호,경북,구미시
192,구미진평점,경북 구미시 진평동 17-6 청우빌 102,경북,구미시
193,구산동점,서울 은평구 구산동 9-9번지  1층,서울,은평구
194,구산예일점,서울 은평구 역촌동 51-79번지 1층,서울,은평구
195,구의점,"서울특별시 광진구 자양로 296 (구의동, 1층)",서울특별시,광진구
196,국수리점,경기도 양평군 양서면 경강로 1041 ,경기도,양평군
197,군산경암점(명변)(express),"전북 군산시 대명동 대명길 3, 상가동 1층 107호",전북,군산시
198,군산나운더하임점,전북 군산시 나운동 1556 보람더하임상가 가동 103호,전북,군산시
199,군산나운신도시점),전라북도 군산시 서수송2길 40 (나운동) ,전라북도,군산시
200,군산나운지곡점,전라북도 군산시 동지곡길 38 (지곡동),전라북도,군산시
201,군산나운행운점,"전라북도 군산시 수송로 37 (나운동, 나뚜루) ",전라북도,군산시
202,군산미룡점,전북 군산시 미룡동 898-1,전북,군산시
203,군산미장점,"전북 군산시 미장남로 10, 1동 105호(미장아이파크상 ",전북,군산시
204,군산산북소룡점,전북 군산시 산북동 3536-5 ,전북,군산시
205,군산수송스타점,전라북도 군산시 수송로 213 (수송동) 2층,전라북도,군산시
206,군위행복점,경상북도 군위군 군위읍 중앙길 126 ,경상북도,군위군
207,군자점,서울 광진구 군자동 364,서울,광진구
208,군포당동점,경기 군포시 당동 872-2 산본리빙스텔 107호,경기,군포시
209,군포당정동점(올리브치킨),"경기도 군포시 당정역로 8 (당정동, 대우프라자 3) 105호",경기도,군포시
210,군포부곡점,"경기도 군포시 송부로 222-1 (부곡동, 휴먼시아 5단지 104",경기도,군포시
211,굴포천점,"인천광역시 부평구 충선로203번길 16 (삼산동, 창성프 101,102호",인천광역시,부평구
212,금곡점(cafe명변),경기 남양주시 금곡동 430-34번지,경기,남양주시
213,금천시흥스타점,서울특별시 금천구 독산로40길 13 (시흥동) ,서울특별시,금천구
214,금촌새말행운점(2)(올리브카페),경기도 파주시 정담길 30 106호(아동동),경기도,파주시
215,금촌점,경기도 파주시 금정16길 6 (금촌동) 73-19,경기도,파주시
216,금호점,서울 성동구 금호동4가 128,서울,성동구
217,길동점,서울특별시 강동구 명일로 198 (길동) ,서울특별시,강동구
218,길음역점(올리브카페),"서울특별시 성북구 동소문로 248 (길음동, 삼부아파트 102동 1층 4호,5호",서울특별시,성북구
219,길음점,서울 성북구 길음동 1170,서울,성북구
220,김천부곡점,경상북도 김천시 김천로 13 (부곡동) ,경상북도,김천시
221,김천신음점,경상북도 김천시 신양4길 63 (신음동) ,경상북도,김천시
222,김천혁신율곡점(올리브치킨),"경상북도 김천시 혁신1로 75 (율곡동, 파크드림씨티써 ",경상북도,김천시
223,김천혁신점,경상북도 김천시 용전3로 15 (율곡동) ,경상북도,김천시
224,김포구래점,경기 김포시 구래동 6883-11 애플상가 105호 ,경기,김포시
225,김포대곶점,경기도 김포시 대곶면 율생로 83-20 1층,경기도,김포시
226,김포마산점(올리브치킨),"경기 김포시 마산동 김포한강8로 165,108호",경기,김포시
227,김포마송점,경기 김포시 통진읍 서암리 714-43,경기,김포시
228,김포불로점,인천 서구 불로동 불로지구39블럭 불로금호어울림상가101호,인천,서구
229,김포사우점,"경기도 김포시 사우중로74번길 39 (사우동, 다이안월 102호",경기도,김포시
230,김포양곡행운점,경기도 김포시 양촌읍 양곡2로 5-6 ,경기도,김포시
231,김포운양행복점,경기도 김포시 김포한강1로 227 (운양동) 101호(광장프라자1동),경기도,김포시
232,김포월곶점,경기도 김포시 월곶면 애기봉로 16 (1층),경기도,김포시
233,김포장기점,경기 김포시 장기동 450~1200 1916-2,경기,김포시
234,김포풍무점,"경기도 김포시 풍무로96번길 40 (풍무동, 풍무자이아 풍무자이1단지B04호",경기도,김포시
235,김포하성점(올리브카페),경기도 김포시 하성면 하성로 490 ,경기도,김포시
236,김포학운점,경기도 김포시 양촌읍 황금로48번길 5-11 ,경기도,김포시
237,김해관동점,경남 김해시 관동동 444-4 중원프라자 104호 ,경남,김해시
238,김해대성점,경남 김해시 대성동 148-3,경남,김해시
239,김해대청점(P-cafe),경상남도 김해시 계동로102번길 31 (대청동) 1층,경상남도,김해시
240,김해삼계점,경상남도 김해시 해반천로168번길 26-18 (삼계동) ,경상남도,김해시
241,김해삼문점,경남 김해시 장유면 삼문리 대동피렌체상가,경남,김해시
242,김해삼방점,경상남도 김해시 삼안로 136-1 (삼방동) 1층 ,경상남도,김해시
243,김해아이스퀘어점,경상남도 김해시 김해대로 2342 (부원동) A116호(부원역푸르지오아이스퀘어몰),경상남도,김해시
244,김해어방점,경남 김해시 어방동 503-6,경남,김해시
245,김해외동점,경남 김해시 외동 1187-13 ,경남,김해시
246,김해율하점(2)(올리브치킨),경상남도 김해시 율하2로 115번길 13 1층 110호(율하동),경상남도,김해시
247,김해장유점,경남 김해시 장유면 부곡리 805-4 104호,경남,김해시
248,까치산점,서울 강서구 화곡8동 332-12,서울,강서구
249,나보나스퀘어점(올리브카페),"충청북도 청주시 상당구 상당로 66 (문화동) 1층 102호,102호,103호,104호,105호,106호",충청북도,청주시
250,나주혁신점,전라남도 나주시 상야2길 7 (빛가람동) 114(중흥S-클래스메가티움1차1층),전라남도,나주시
251,낙산해수욕장점,강원도 양양군 강현면 일출로 43-11 ,강원도,양양군
252,낙성대점,서울 관악구 봉천11동 1640-8,서울,관악구
253,난곡점,서울 관악구 신림동 1738-1 파로스프라자 B동 제지1층 ,서울,관악구
254,남대문점(명변),서울특별시 중구 남대문시장4길 42-1 (남창동),서울특별시,중구
255,남산타운점(유변.express)(올리브치킨)(3),서울 중구 신당동 844 남산타운5상가 215호,서울,중구
256,남악대박점,전라남도 무안군 삼향읍 남악4로82번길 31 (근화베아 상가 109호,전라남도,무안군
257,남양주묵현점,경기도 남양주시 화도읍 먹갓로28번길 14 ,경기도,남양주시
258,남원점,전북 남원시 향교동 1049-4,전북,남원시
259,남지점,경상남도 창녕군 남지읍 낙동로 486 103,경상남도,창녕군
260,남해미조점,경남 남해군 미조면 미조리 100-1,경남,남해군
261,남해읍점,경상남도 남해군 남해읍 망운로 17 ,경상남도,남해군
262,남해창선점(올리브치킨),경상남도 남해군 창선면 창선로 83-1 (수협) 1층,경상남도,남해군
263,내곡포레스타점(express)(2),"서울특별시 서초구 청계산로7길 43 (신원동, 서초포레 101호",서울특별시,서초구
264,노량진점,"서울특별시 동작구 노량진로8길 53 (노량진동, 토끼바 ",서울특별시,동작구
265,노원점,서울특별시 노원구 상계로1길 62-51 (상계동) 1층,서울특별시,노원구
266,노은2지구점,대전 유성구 반석동 647-7,대전,유성구
267,노은3지구점(2)(express),대전광역시 유성구 지족로 283 (지족동) 102호,대전광역시,유성구
268,녹번점,"서울특별시 은평구 녹번로 35 (녹번동), 1층 ",서울특별시,은평구
269,논산점,충청남도 논산시 중앙로 271 (취암동),충청남도,논산시
270,논산중앙점,충청남도 논산시 번영로17번길 10-11 (취암동) 1층 101호,충청남도,논산시
271,논현중앙점(Cafe),"서울특별시 강남구 언주로136길 10 (논현동,1층)",서울특별시,강남구
272,담양메타프로방스점(express),전라남도 담양군 담양읍 깊은실길 2-13 ,전라남도,담양군
273,담양점,전남 담양군 담양읍 지침리 113-1,전남,담양군
274,당리사하점,부산광역시 사하구 제석로 59 (당리동) 1층,부산광역시,사하구
275,당산역점,"서울특별시 영등포구 당산로45길 1 (당산동5가, 당산  105호",서울특별시,영등포구
276,당산행운점,"서울특별시 영등포구 양산로 128 (당산동1가, 환희빌 ",서울특별시,영등포구
277,당진기지시점(올리브치킨),충청남도 당진시 송악읍 틀모시로 738 (힐스테이트당 ,충청남도,당진시
278,당진정미점(펀&정),충남 당진군 정미면 천의리 252-6번지,충남,당진군
279,당진합덕점(올리브치킨3)(명변),충청남도 당진시 합덕읍 미락1안길 27 ,충청남도,당진시
280,당진CGV점(2)(올리브카페),충청남도 당진시 우두로 16 (우두동) ,충청남도,당진시
281,대곡행복점,"대구광역시 달서구 도원로 48 (도원동, 별메마을 복합 104호",대구광역시,달서구
282,대관령점,강원도 평창군 대관령면 대관령로 98 ,강원도,평창군
283,대광점,경기 연천군 신서면 도신리 290-26번지,경기,연천군
284,대구구암점,대구 북구 구암동 692-13,대구,북구
285,대구남산대신점,대구 중구 남산4동 2937-1 남산그린타운 101동1호,대구,중구
286,대구내당점(올리브카페),대구광역시 서구 달서로 50 1층(내당동),대구광역시,서구
287,대구다사죽곡점,대구광역시 달성군 다사읍 대실역북로 70-1 ,대구광역시,달성군
288,대구대봉점(치킨앤비어),"대구광역시 중구 대봉로 223 (대봉동, 태양약국) 1층",대구광역시,중구
289,대구대현복현사랑점,대구 북구 복현1동 421-1번지,대구,북구
290,대구도원점,대구광역시 달서구 상화로 300-23 (도원동) ,대구광역시,달서구
291,대구동성로점(치킨앤비어),"대구광역시 중구 동성로5길 53 (삼덕동1가, 지상2,3층 ",대구광역시,중구
292,대구동천점,대구 북구 동천동 944-6,대구,북구
293,대구매천점,대구 북구 매천동 691,대구,북구
294,대구매호점,"대구광역시 수성구 천을로 181 (매호동, 협화아파트) 상가112동 101호",대구광역시,수성구
295,대구메트로점,대구광역시 수성구 만촌로 165 (만촌동) ,대구광역시,수성구
296,대구무태점,대구 북구 동변동 669-1 ,대구,북구
297,대구범물점,대구광역시 수성구 지범로 271-1 (범물동) 1층,대구광역시,수성구
298,대구범어점,대구 수성구 범어4동 330 장원상가 108동105호,대구,수성구
299,대구복현산격점,대구 북구 검단동 936-19,대구,북구
300,대구봉덕점,"대구광역시 남구 이천로 35 (봉덕동) 봉덕동,1층",대구광역시,남구
301,대구산격점,"대구광역시 북구 동북로 131 (산격동, 양우내안애아파 106-101(산격동,양우내안애아파트상가)",대구광역시,북구
302,대구상인행복점,대구 달서구 상인동 1517 영남화성타운상가 107-3호,대구,달서구
303,대구서구점,대구광역시 서구 국채보상로 316 평리롯데캐슬아파트 202-106,대구광역시,서구
304,대구성당본리점,대구광역시 달서구 장기로 176 (감삼동),대구광역시,달서구
305,대구성서본점(4)(명변),"대구광역시 달서구 선원남로 151 (용산동, 한마음아파 210동 103호",대구광역시,달서구
306,대구세천점(올리브카페)(2),대구광역시 달성군 다사읍 세천북로 28-1 1층(일부),대구광역시,달성군
307,대구송현2점,대구 달서구 송현1동 203-1  1층,대구,달서구
308,대구수성동아점,대구광역시 수성구 지범로23길 49 (지산동) ,대구광역시,수성구
309,대구수성점,대구 수성구 수성4가 1146-9,대구,수성구
310,대구수성행복점,대구 수성구 수성동2가 231-2,대구,수성구
311,대구신당1점,대구광역시 달서구 서당로 79 (신당동) 1층,대구광역시,달서구
312,대구신매점,대구 수성구 신매동 586-4,대구,수성구
313,대구신서동호점(cafe),대구 동구 신서동 805-11번지,대구,동구
314,대구신암점,대구 동구 신암1동 577~588 588-10,대구,동구
315,대구아양점(cafe)(이전.대구동구점(참숯))(2),대구광역시 동구 아양로50길 21 (효목동) ,대구광역시,동구
316,대구앞산점(올리브카페),대구광역시 남구 현충로 50 1층(대명동),대구광역시,남구
317,대구용산점,대구광역시 달서구 용산서로 70 (용산동) ,대구광역시,달서구
318,대구월성행복점,대구 달서구 월성동 120번지 푸르지오상가 2동103호,대구,달서구
319,대구유천점(올리브카페),대구광역시 달서구 조암남로32길 12 (대천동) 1층,대구광역시,달서구
320,대구율하본점,대구광역시 동구 율하서로 54 (율하동) 1층 103호,대구광역시,동구
321,대구이천영선점(cafe),대구 남구 이천동 453-71번지,대구,남구
322,대구장기사랑점,"대구광역시 달서구 한들로 55 (장기동, 장기초록나라 501동 108호",대구광역시,달서구
323,대구중구점,대구 중구 수창동 153 ,대구,중구
324,대구중동점,대구 수성구 중동 412-1,대구,수성구
325,대구지묘점,대구광역시 동구 파계로6길 46 (지묘동) 제1층101호,대구광역시,동구
326,대구진천수목원점,대구광역시 달서구 화암로73길 8-13 진천상가104호,대구광역시,달서구
327,대구천내점,대구 달성군 화원읍 천내리 54-1번지,대구,달성군
328,대구칠성점(올리브치킨),대구광역시 북구 칠성로 39 (칠성동2가) ,대구광역시,북구
329,대구침산점(치킨앤비어),"대구광역시 북구 성북로 70 (침산동, 침산화성파크드 상가동 2층 227,228호",대구광역시,북구
330,대구태전행복점,대구 북구 태전동 961-11번지 1층,대구,북구
331,대구푸른마을점,대구 수성구 범어동 674-2,대구,수성구
332,대구황금점(4),대구 수성구 황금동 202-3번지,대구,수성구
333,대구효목점(올리브치킨),"대구광역시 동구 동부로 187 1층 10호(효목동, 석우하이로즈빌)",대구광역시,동구
334,대림점(cafe)(2),"서울특별시 영등포구 대림로 191 (대림동, 유림빌딩) 1층",서울특별시,영등포구
335,대명본점(Cafe),대구 남구 대명동 2138-10,대구,남구
336,대방점(7),서울 영등포구 신길동 4027,서울,영등포구
337,대전가양점,대전 동구 가양동 393-4번지,대전,동구
338,대전가오점,대전광역시 동구 대전로 448 (가오동) 104호,대전광역시,동구
339,대전가장점,"대전광역시 서구 도산로253번길 51 (내동) 내동,블루존상가106,107호",대전광역시,서구
340,대전갈마점,대전 서구 갈마동 1392 1층,대전,서구
341,대전계룡점,충남 계룡시 엄사면 엄사리 174-2,충남,계룡시
342,대전관저느리울점,대전광역시 서구 구봉로 139 (관저동) ,대전광역시,서구
343,대전관저점,대전광역시 서구 관저북로51번길 8-20 (관저동) 101호,대전광역시,서구
344,대전노은점,대전 유성구 지족동 893-1 105호,대전,유성구
345,"대전도룡점(cafe,명변1)","대전광역시 유성구 대덕대로590번길 12-13 1층 103호(도룡동, 가온하이츠빌)",대전광역시,유성구
346,대전둔산사학연금점,대전광역시 서구 한밭대로 809 (둔산동) 1층,대전광역시,서구
347,대전둔산점,대전광역시 서구 둔산남로105번길 18 (둔산동) 102(둔산동),대전광역시,서구
348,대전목동점,대전 중구 중촌동 411-1,대전,중구
349,대전배재대점,대전 서구 도마2동 109-26번지,대전,서구
350,대전벽산점,대전 중구 유천동 189-11,대전,중구
351,대전복수점(Cafe),대전 서구 복수동 612 초록마을아파트2단지상가 112,대전,서구
352,대전부사점,대전광역시 중구 보문로67번길 14 (부사동) ,대전광역시,중구
353,대전비래점,대전광역시 동구 흥룡로 71번길 91 1층(가양동),대전광역시,동구
354,대전산성점,대전광역시 중구 대둔산로 407-19 (산성동) 1층,대전광역시,중구
355,대전성남점,대전 동구 성남동 200-195,대전,동구
356,대전송촌점,대전 대덕구 송촌동 467-1,대전,대덕구
357,대전신성점,대전 유성구 신성동 152-1번지 대림상가131호,대전,유성구
358,대전신탄진점,대전 대덕구 신탄진동 121-23,대전,대덕구
359,대전어은점,대전 유성구 어은동 110-6,대전,유성구
360,대전용운점,대전광역시 동구 용운로 127 ,대전광역시,동구
361,대전월평점(cafe),대전 서구 월평동 227번지 1층,대전,서구
362,대전유성상대점,대전광역시 유성구 월드컵대로308번길 13-1 (상대동) 101(상대동),대전광역시,유성구
363,대전유성점,대전 유성구 봉명동 563-14 1층 7호,대전,유성구
364,대전전민점,대전 유성구 전민동 327-23 ,대전,유성구
365,대전정림점,대전 서구 정림동  609번지,대전,서구
366,대전중리행운점,"대전광역시 대덕구 한밭대로 1141 (중리동, 진성빌딩) ",대전광역시,대덕구
367,대전탄방행운점(2)(직영),"대전광역시 서구 계룡로571번길 17 (탄방동, 태양빌딩 1층 103호",대전광역시,서구
368,대전터미널점,"대전광역시 동구 동서대로1695번길 30 (용전동, 대전 1층 CE110호",대전광역시,동구
369,대청점,서울 강남구 일원동 687-2,서울,강남구
370,대치도곡점,서울 강남구 대치1동 1023-19 1층,서울,강남구
371,대치본점(비비큐레몬),"서울특별시 강남구 삼성로 151 지상1층 101호(대치동, 선경아파트)",서울특별시,강남구
372,대치은마점(4명변2),서울특별시 강남구 영동대로57길 16 ,서울특별시,강남구
373,대치점,"서울특별시 강남구 선릉로 326(대치동) 1층, 101호",서울특별시,강남구
374,대학로점,서울 종로구 명륜동2가 22-2 도가빌딩 1층,서울,종로구
375,덕명수통골점,"대전광역시 유성구 수통골로 91-1 (덕명동, 1층) ",대전광역시,유성구
376,덕소점,경기 남양주시 와부읍 덕소리 491-1,경기,남양주시
377,덕소진도점,경기 남양주시 와부읍 덕소리 537-3번지 진도A 상가,경기,남양주시
378,도량행복점,경상북도 구미시 도봉로 78 102,경상북도,구미시
379,도봉1점(올리브치킨),서울 도봉구 도봉동 562-1,서울,도봉구
380,도안사랑점,대전광역시 서구 용소로12번길 22 (가수원동) 1층,대전광역시,서구
381,독립문점,서울 서대문구 영천동 69-130,서울,서대문구
382,독산시흥본점,서울 금천구 독산동 1077-37  1층,서울,금천구
383,독산행복점,"서울특별시 금천구 범안로 1193 (독산동, 가남물산제1 1층",서울특별시,금천구
384,돌곶이점,서울 성북구 장위동 66-323,서울,성북구
385,동대문스타점,서울특별시 동대문구 한천로 133 (답십리동) 1층,서울특별시,동대문구
386,동대문점(치킨&비어.명변),서울 중구 을지로6가 23-26 지상1층,서울,중구
387,동대문패션타운점,"서울특별시 중구 마장로1길 28-11 (신당동) 신당동,1층",서울특별시,중구
388,동두천송내점,경기 동두천시 지행동 719-3 현대프라자 1층 107호,경기,동두천시
389,동림점,광주 북구 동림동 645번지 삼익상가,광주,북구
390,동서울터미널점(올리브카페),"서울특별시 광진구 강변역로 50 (구의동, 동서울터미 지하1층 15호",서울특별시,광진구
391,동아방송예술대점(특화)(2),경기도 안성시 삼죽면 동아예대길 47 1층(동아방송예술대학교),경기도,안성시
392,동암역점,인천광역시 부평구 동암남로 1 (십정동) 2층,인천광역시,부평구
393,동탄산업단지점,경기도 화성시 동탄면 동탄기흥로 147-13 205호(센터프라자),경기도,화성시
394,동탄솔빛나루점,경기도 화성시 동탄반석로 99 (반송동) 106호,경기도,화성시
395,동탄수변점(올리브치킨),경기도 화성시 동탄신리천로 278 (오산동) 1층 117호,경기도,화성시
396,동탄시범단지점,"경기도 화성시 동탄반송3길 46-2 (반송동) 101,102호",경기도,화성시
397,동탄역점,경기도 화성시 동탄대로19길 10 (오산동) 1층 101호,경기도,화성시
398,동탄푸른숲속점,"경기도 화성시 10용사로 349-11 (능동, 위너스프라자) 112",경기도,화성시
399,동탄호수공원점(올리브카페),"경기도 화성시 동탄대로6길 9 지하2층 B206, 207호(산척동)",경기도,화성시
400,동판교백현마을점,경기 성남시 분당구 백현동 604,경기,성남시
401,동판교백현마을점,"경기도 성남시 분당구 동판교로 52 (백현동, 제이스타 52번길 5(백현동)",경기도,성남시
402,동판교봇들마을점,경기도 성남시 분당구 동판교로 212 봇들마을6단지아 봇들마을가상가 101,경기도,성남시
403,동해북삼점(올리브카페),강원도 동해시 효자남길 29-8 (쇄운동) ,강원도,동해시
404,동해천곡점,"강원도 동해시 천곡로 38 (천곡동, 굿모닝플라워) ",강원도,동해시
405,동호본점(express)(2),대구광역시 동구 동호로 54 (동호동) 1층,대구광역시,동구
406,두산위브제니스점(올리브치킨)(2),"대구광역시 수성구 달구벌대로 2435 301동 B103-1호(범어동, 두산위브더제니스)",대구광역시,수성구
407,두산점,대구광역시 수성구 들안로14길 71 (두산동) ,대구광역시,수성구
408,두암사랑점(cafe),"광주광역시 북구 삼정로 143 (두암동, 송산아파트) 102",광주광역시,북구
409,등촌3점,"서울특별시 강서구 강서로68길 36 (등촌동, 등촌주공1 105",서울특별시,강서구
410,등촌역점,서울특별시 양천구 목동중앙북로7가길 58 (목동) 1층,서울특별시,양천구
411,마곡나루점(올리브치킨)(명변1),"서울특별시 강서구 마곡중앙로 161-8 (마곡동, 두산더 C동 1층 116호",서울특별시,강서구
412,마곡점(올리브카페)(명변1),"서울특별시 강서구 마곡동로 61 (마곡동, 에이스프라 1층 102호",서울특별시,강서구
413,마들점,서울특별시 노원구 동일로 228길 29 106호(상계동),서울특별시,노원구
414,마산구암점,경남 창원시 마산회원구 구암동 19-35번지,경남,창원시
415,마산삼계점,"경남 마산시 내서읍 삼계리 21 현대아파트상가102,103호",경남,마산시
416,마산석전점,경상남도 창원시 마산회원구 석전남8길 72 ,경상남도,창원시
417,마산양덕점,"경상남도 창원시 마산회원구 산호천동길 94 (양덕동,  ",경상남도,창원시
418,마산월영점,경상남도 창원시 마산합포구 월영마을로 29 동아2차아 202,경상남도,창원시
419,마산창동점,경상남도 창원시 마산합포구 동서동3길 39 (신포동1가 ,경상남도,창원시
420,마산호계점,경남 마산시 내서읍 호계리 72-1 지팝프라자106호 107,경남,마산시
421,마석행복점,경기 남양주시 화도읍 마석우리 588번지 104호,경기,남양주시
422,마장점,서울특별시 성동구 마장로 299 (마장동) ,서울특별시,성동구
423,마전우선점,인천광역시 서구 완정로 46 (마전동) 1동 5호 6호,인천광역시,서구
424,마천점,서울 송파구 마천동 183-47 상가 1층 101호,서울,송파구
425,마포공덕점(치킨앤비어)(명변1),"서울특별시 마포구 마포대로 156 (공덕동, 공덕푸르지 ",서울특별시,마포구
426,마포도화점,서울 마포구 도화동 7-20,서울,마포구
427,마포용강점,서울 마포구 대흥동 541-1 1층,서울,마포구
428,만리점,서울 마포구 공덕동 7-249,서울,마포구
429,만수점,"인천광역시 남동구 담방로21번길 55 (만수동, 뉴서울 1층 6호",인천광역시,남동구
430,망원점,서울 마포구 망원동 475-35 ,서울,마포구
431,매탄2점(명변),경기 수원시 영통구 매탄4동 207-18번지,경기,수원시
432,매탄점,"경기도 수원시 팔달구 권광로 246 (인계동, 래미안 노 상가동 114호",경기도,수원시
433,메트로자이점,"부산광역시 남구 신선로 566 (용호동, GS하이츠자이 4 ",부산광역시,남구
434,명동점(치킨앤비어)(사변),"서울특별시 중구 명동8가길 22 (충무로2가, 충무로패 3층",서울특별시,중구
435,명륜점,서울 종로구 명륜3가 2~160 53 유림회관부속동1층 20,서울,종로구
436,명일점,서울 강동구 명일동 289-14,서울,강동구
437,명지대점,서울특별시 서대문구 거북골로 17 (홍은동) 1층,서울특별시,서대문구
438,모전대박점,경북 문경시 모전동 873-6,경북,문경시
439,목동역점,서울 양천구 목1동 935 진도아파트상가 101.103호,서울,양천구
440,목동한청점,서울 양천구 목동 199-46 우성 대원프라자 101호,서울,양천구
441,목포석현점,"전라남도 목포시 텃골로33번길 53, 제주민복지시설동  (석현동, 석현동 금호어울림)",전라남도,목포시
442,목포옥암점(올리브카페),전라남도 목포시 남악2로9번길 8 (옥암동) 1층,전라남도,목포시
443,목포하당2호점(cafe),전남 목포시 옥암동 965번지 금호아파트상가,전남,목포시
444,목포하당점(express)(2),"전라남도 목포시 교육로 37 (상동, 목포우성우편취급 ",전라남도,목포시
445,무안남악행운점,전라남도 무안군 삼향읍 남악3로 39 (펠리시티상가) 102동 1층 104호,전라남도,무안군
446,무원점,경기 고양시 덕양구 행신동 720,경기,고양시
447,무주설천점,전라북도 무주군 설천면 삼도봉로 14 ,전라북도,무주군
448,묵동행복점,서울특별시 중랑구 중랑역로 242 (묵동) 1층2호,서울특별시,중랑구
449,문경점,경북 문경시 문경읍 하리 63-2,경북,문경시
450,문래점,서울 영등포구 문래동6가 8번지   그대가상가 102호,서울,영등포구
451,문막점,강원 원주시 문막읍 동화리 1541,강원,원주시
452,문산행복점,경기도 파주시 문산읍 당동1로 52 ,경기도,파주시
453,문성고아점(express)(2),경상북도 구미시 고아읍 들성로 255 ,경상북도,구미시
454,문정점(3)(올리브카페),서울특별시 송파구 동남로4길 16-1 (문정동) 1층,서울특별시,송파구
455,미사강변점(올리브카페),"경기도 하남시 미사강변대로 55-1 2308동 상가 101호, 102호(풍산동, 미사강변더샵센트럴포레)",경기도,하남시
456,미사점,"경기도 하남시 미사강변대로 212 (망월동, 미사센트럴 1층 120호",경기도,하남시
457,민락스타점,경기도 의정부시 오목로225번길 89-66 (민락동) 108호,경기도,의정부시
458,밀양내이점,경상남도 밀양시 백민로 31-2 (내이동) 1층,경상남도,밀양시
459,밀양수산점,경남 밀양시 하남읍 수산리 814-62번지,경남,밀양시
460,반포중앙점,"서울특별시 서초구 신반포로23길 41 (잠원동, 잠원상 121호 122호",서울특별시,서초구
461,발산점,서울특별시 강서구 강서로47길 46 (내발산동) 1층,서울특별시,강서구
462,방배본점(4),서울 서초구 방배1동 925-24,서울,서초구
463,방배이수점,서울특별시 서초구 도구로 93 (방배동) ,서울특별시,서초구
464,방이점,"서울 송파구 방이동 126-13, 1층 (가락로36길 6, 방이동)",서울,송파구
465,방촌행운점,"대구광역시 동구 화랑로88길 30 (방촌동, 보성강남타 201동 103호",대구광역시,동구
466,방화역점,"서울특별시 강서구 금낭화로 287-50 (방화동,오피앙2오피스텔111호~112호)",서울특별시,강서구
467,방화점(2),서울 강서구 방화동 260-40 번지,서울,강서구
468,백석2점,경기도 고양시 일산동구 중앙로 1123 흰돌마을2단지아 백상가동 1층 140호,경기도,고양시
469,백석점,경기 양주시 백석읍 복지리 130-8,경기,양주시
470,백운점(올리브카페+참숯),"인천 부평구 산곡동 경원대로 1258-1, 1층",인천,부평구
471,범계점,경기 안양시 동안구 호계동 1047-3 성보빌딩 103호,경기,안양시
472,별내점,경기도 남양주시 별내5로5번길 51 (별내동) 1층,경기도,남양주시
473,병점1점,경기 화성시 병점동 407-4 창명빌딩 107호,경기,화성시
474,병점2점,경기도 화성시 병점중앙로 195 (진안동) ,경기도,화성시
475,보광점(2),서울 용산구 보광동 258-9,서울,용산구
476,보라매공원점(cafe),서울특별시 관악구 보라매로3길 3 (봉천동) ,서울특별시,관악구
477,본오상록수점,경기도 안산시 상록구 본이로 13 (본오동) 1층,경기도,안산시
478,봉담행복점(cafe),경기 화성시 봉담읍 상리 21-3번지,경기,화성시
479,봉무이시아점,대구광역시 동구 팔공로 250 (봉무동) 이시아스타,대구광역시,동구
480,봉천우성점,서울 관악구 봉천동 36-10 ,서울,관악구
481,봉천중앙점,서울 관악구 봉천2동 1703  동아A상가 1층  A동 104호,서울,관악구
482,봉화점,경북 봉화군 봉화읍 내성리 272-4,경북,봉화군
483,부개일신점,인천광역시 부평구  동수로 169-1 ,인천광역시,부평구
484,부개주공점,인천광역시 부평구  길주남로 157 201,인천광역시,부평구
485,부산가야점,부산 부산진구 개금동 523-19,부산,부산진구
486,부산개금점,부산광역시 부산진구 개금본동로 77 (개금동) ,부산광역시,부산진구
487,부산거제점,부산광역시 연제구 중앙대로 1061 (연산동) 1층,부산광역시,연제구
488,부산고리원자력점,부산 기장군 장안읍 월내리 171,부산,기장군
489,부산광안리점,부산 수영구 광안동 192-16,부산,수영구
490,부산괴정점,부산 사하구 괴정3동 262-1,부산,사하구
491,부산구서점,부산광역시 금정구 구서중앙로 25 ,부산광역시,금정구
492,부산기장점(4),부산광역시 기장군 기장읍 차성동로 110 (엔제리너스 1층,부산광역시,기장군
493,부산남산점,부산광역시 금정구 금강로 735-1 (청룡동) ,부산광역시,금정구
494,부산남천점(express)(2),부산광역시 수영구 수영로408번길 24-4 (남천동) 1층,부산광역시,수영구
495,부산녹산신호점,부산 강서구 신호동 220-4 골든프라자 103,부산,강서구
496,부산다대1동점,부산 사하구 다대동 1551-26,부산,사하구
497,부산다대2동점(올리브카페),부산광역시 사하구 다송로72번길 53 1층(다대동),부산광역시,사하구
498,부산당감점,부산광역시 부산진구 동평로 98 ,부산광역시,부산진구
499,부산대신점,부산광역시 서구 부용로 15-1 (서대신동1가) ,부산광역시,서구
500,부산대연점,부산광역시 남구 진남로36번길 2 (대연동) (대연동),부산광역시,남구
501,부산대연혁신점,"부산광역시 남구 수영로 345 (대연동, 대연힐스테이트 115동 107호",부산광역시,남구
502,부산대학교점(치킨앤비어),부산광역시 금정구 금정로 92 1층(장전동),부산광역시,금정구
503,부산덕천점,부산광역시 북구 만덕대로78번길 30 (덕천동) ,부산광역시,북구
504,부산동삼국민은행점,부산 영도구 동삼동 354-1,부산,영도구
505,부산마리나점,부산 해운대구 우동 993-4 대우마리나2차상가 106,부산,해운대구
506,부산마린시티점(프리미엄)(2명변),"부산광역시 해운대구 마린시티3로 39 (우동, 카이저빌 101호",부산광역시,해운대구
507,부산만덕점,부산광역시 북구 만덕3로 34 (만덕동) ,부산광역시,북구
508,부산망미점,부산 수영구 망미동 444-18 ,부산,수영구
509,부산명서점,부산 동래구 명장1동 484-5,부산,동래구
510,부산명지점,"부산광역시 강서구 명지오션시티6로 33 (명지동, 엘크 103호",부산광역시,강서구
511,부산모덕점,"부산광역시 사상구 백양대로 730 (덕포동, 프로새차만 ",부산광역시,사상구
512,부산모라점,부산 사상구 모라동 1339-19,부산,사상구
513,부산문현점,부산 남구 문현동 202-69,부산,남구
514,부산민락점,"부산광역시 수영구 광안해변로344번길 9-11 (민락동,  1층",부산광역시,수영구
515,부산밀양삼문점,경남 밀양시 삼문동 552-1 제일훼미리상가 107호,경남,밀양시
516,부산반송점,"부산광역시 해운대구 신반송로 163 (반송동, 남흥아파 상가8동 101호",부산광역시,해운대구
517,부산반여점,"부산광역시 해운대구 반여로 112-1 (반여동, 산봉빌딩 ",부산광역시,해운대구
518,부산봉래청학점,부산 영도구 청학2동 7-6 번지,부산,영도구
519,부산사상점,부산 사상구 괘법동 516-1 한신아파트상가 2동 107-1,부산,사상구
520,부산사직점,부산 동래구 사직동 99-1,부산,동래구
521,부산사하감천점,부산 사하구 감천동 789 유림2차 106호,부산,사하구
522,부산센텀점(5)(올리브치킨),"부산광역시 해운대구 센텀동로 123 1층 3호 (재송동, 센텀스타상가)",부산광역시,해운대구
523,부산송도점,부산광역시 서구 송도해변로 67 ,부산광역시,서구
524,부산송정점,부산 해운대구 송정중앙로33번길 12(송정동) 602호,부산,해운대구
525,부산수영점,부산광역시 수영구 무학로 30-4 (광안동) ,부산광역시,수영구
526,부산신주례점,부산 사상구 주례동 939-1 주례1차 A상가 106-114,부산,사상구
527,부산안락점,부산 동래구 안락동 472-1 ,부산,동래구
528,부산엄궁점,부산 사상구 엄궁동 40-67,부산,사상구
529,부산연산로타리점,부산광역시 연제구 중앙대로 1184 (거제동) (거제동),부산광역시,연제구
530,부산연산점,부산광역시 연제구 월드컵대로 27 (연산동),부산광역시,연제구
531,부산연산토곡점(올리브카페)(5),부산광역시 연제구 과정로226번길 8 (연산동) ,부산광역시,연제구
532,부산영선점(올리브치킨),부산광역시 영도구 꿈나무길 255 (신선동3가) 1층,부산광역시,영도구
533,부산영주중앙점,부산광역시 중구 중구로 188 (영주동) ,부산광역시,중구
534,부산온천점,부산광역시 동래구 중앙대로1367번길 25 (온천동) ,부산광역시,동래구
535,부산용호점,부산 남구 용호동 393-1 ,부산,남구
536,부산장전점(express)(3),"부산광역시 금정구 금강로 225 1층 204호(장전동, 벽산블루밍디자인시티 2단지)",부산광역시,금정구
537,부산재송역점,부산광역시 해운대구 해운대로76번길 16 (재송동) ,부산광역시,해운대구
538,부산재송점,부산 해운대구 반여동 1291-1369 1층,부산,해운대구
539,부산전포점(express),부산 부산진구 전포동 202-25번지,부산,부산진구
540,부산정관중앙점,부산광역시 기장군 정관읍 정관5로 12 (동원로얄듀크2 동원로얄듀크상가 227동 125호,부산광역시,기장군
541,부산좌동신도시점,부산 해운대구 중동 181-1 롯데캐슬마스터2  301-108,부산,해운대구
542,부산좌동신시가지점,부산광역시 해운대구 대천로 104 (좌동) 102호,부산광역시,해운대구
543,부산좌동점,부산 해운대구 좌동 1317번지 경동플러스상가 206호,부산,해운대구
544,부산중동점(치킨앤비어),"부산광역시 중구 중앙대로 114 (중앙동4가, 크라운 하 2층",부산광역시,중구
545,부산초량점(올리브치킨),부산광역시 동구 고관로 37 (수정동) ,부산광역시,동구
546,부산초읍점,부산 부산진구 연지동 375-14,부산,부산진구
547,부산통도환타지아점,경남 양산시 하북면 순지리 812-7,경남,양산시
548,부산하단점,"부산 사하구 하단동 낙동대로 519번길 79, 1층 3호",부산,사하구
549,부산학장점,"부산광역시 사상구 학감대로123번길 67 (학장동, 학장 301동 지하1층 206호",부산광역시,사상구
550,부산해운대점,부산 해운대구 우동 1340 2층,부산,해운대구
551,부산화명신도시점,부산 북구 화명동 2271-2 새론빌딩 105호,부산,북구
552,부안격포점,전북 부안군 변산면 격포리 508-35 ,전북,부안군
553,부영점,경기 남양주시 지금동 390-16번지  예전빌딩 1층,경기,남양주시
554,부천괴안역곡점,"경기 부천시 소사구 범안로 54, 그린홈프라자 204호",경기,부천시
555,부천미리내점,"경기도 부천시 원미구 조마루로291번길 25 (중동, 센 117호",경기도,부천시
556,부천상동2점(3),경기도 부천시 조마루로97번길 33-13 (상동) 1층,경기도,부천시
557,부천상동3점,경기 부천시 원미구 상동 534-9 모건시티 1층,경기,부천시
558,부천상동점,경기 부천시 원미구 상1동 392번지 한아름상가 112호,경기,부천시
559,부천소사본점,경기도 부천시 소사구 소사로  211-2,경기도,부천시
560,부천송내점,경기도 부천시 소사구 성주로 112 송내동,경기도,부천시
561,부천시민회관점,경기 부천시 원미구 중동 792-2번지 1층,경기,부천시
562,부천약대점,경기 부천시 오정구 내동 31-28 효마을타운 101-101,경기,부천시
563,부천여월점,"경기도 부천시 오정구 성곡로 16번길 7, 다동 1층 1호",경기도,부천시
564,부천역곡2점,경기 부천시 원미구 역곡동 411 동부센트레빌 3단지 제상가동 103,경기,부천시
565,부천옥길점(올리브치킨),"경기도 부천시 옥길로 117 (옥길동, 제일프라자) 1층 107호",경기도,부천시
566,부천원종점,"경기 부천시 오정구 원종동 230-5 외1필지대창스페이스106,107호",경기,부천시
567,부천원종초등점,"경기도 부천시 오정구 삼작로 400 (원종동, 원종시장) 127호(원종동,원종시장)",경기도,부천시
568,부천점(올리브팩토리),경기도 부천시 부일로 462 (심곡동) ,경기도,부천시
569,부천중동본점,경기 부천시 원미구 중동 1100 대원아파트상가동1층 107호,경기,부천시
570,부평2점,인천 부평구 부평2동 756-103,인천,부평구
571,부평4점(cafe),인천 부평구 부평4동 441-36번지 부평빌딩1층,인천,부평구
572,부평삼산점,인천 부평구 삼산동 389-2 로얄프라자 108호,인천,부평구
573,부평삼산타운점,인천 부평구 삼산동 440-1 삼산타운상가 107호,인천,부평구
574,북가좌점,서울 서대문구 북가좌동 347-1,서울,서대문구
575,북변감정점,경기도 김포시 봉화로167번길 10 (감정동) ,경기도,김포시
576,분당구미점,경기도 성남시 분당구  미금로 48 101,경기도,성남시
577,분당미금점,경기 성남시 분당구 구미동 47-3,경기,성남시
578,분당본점,경기 성남시 분당구 분당동 123-1,경기,성남시
579,분당서현점,경기 성남시 분당구 서현동 94 현대아케이트 127,경기,성남시
580,분당수내점,"경기도 성남시 분당구 수내로 74 (수내동, 양지마을금 108호",경기도,성남시
581,분당아름마을점,"경기도 성남시 분당구 성남대로779번길 48 (이매동,골든프라자106호)",경기도,성남시
582,분당이매촌점,"경기도 성남시 분당구 서현로 181 (이매동, 이매촌한 상가1층103호",경기도,성남시
583,분당정자점,경기도 성남시 분당구 내정로129번길 17 (정자동) ,경기도,성남시
584,분당정자카페거리점,경기도 성남시 분당구 성남대로 381 1층,경기도,성남시
585,분당중앙점(3)(올리브치킨),"경기도 성남시 분당구 불정로 141 1층 104호(정자동, 정든마을 상가)",경기도,성남시
586,불광1동점(5),서울 은평구 불광동 8/5번지,서울,은평구
587,비발디점,강원도 홍천군 서면 한서로 2125 ,강원도,홍천군
588,빛가람점,전라남도 나주시 그린로 193 (빛가람동) 1층 105호,전라남도,나주시
589,사가정점,서울 중랑구 면목3동 454-23,서울,중랑구
590,사당메트로점,서울특별시 서초구 방배천로 5-1 (방배동) 2층,서울특별시,서초구
591,사당역점(치킨&비어),서울 관악구 남현동 1061-59,서울,관악구
592,사당점,서울특별시 동작구 동작대로9길 7 (사당동) 1층 (사당동),서울특별시,동작구
593,사북고한점,강원도 정선군 고한읍 고한로 89 ,강원도,정선군
594,사천사남점,경상남도 사천시 사남면 진삼로 1126 ,경상남도,사천시
595,사천시청점(올리브치킨3),경상남도 사천시 용현면 용현2길 50 (시티빌딩) ,경상남도,사천시
596,사천점(올리브치킨3),경상남도 사천시 사천읍 역사동길 41 ,경상남도,사천시
597,산본1호점,경기도 군포시  번영로 380-1 ,경기도,군포시
598,산본2점,경기 군포시 산본동 1118-6번지 1층 103호,경기,군포시
599,산본3점,경기 군포시 산본2동 1078번지 1층,경기,군포시
600,산본금정본점,"경기도 군포시 금산로 55 (산본동, 화남상가) 101,102호",경기도,군포시
601,삼사해상공원점,경상북도 영덕군 강구면 동해대로 4332 ,경상북도,영덕군
602,삼성라이온즈파크점,대구광역시 수성구 야구전설로1 (연호동) 06호 1층,대구광역시,수성구
603,삼성점,서울특별시 강남구 봉은사로61길 17 (삼성동) 1층(삼성동),서울특별시,강남구
604,삼송스타점(4)(올리브치킨),경기도 고양시 덕양구 세솔로 114-1 1층 101호(삼송동),경기도,고양시
605,삼척대명리조트점,강원 삼척시 갈천동 산 16-4번지 메인로비 1층 ,강원,삼척시
606,삼척점,강원도 삼척시 중앙로 249 (남양동) ,강원도,삼척시
607,삼천포점,경상남도 사천시 벌리9길 7 (벌리동),경상남도,사천시
608,상도2점,서울 동작구 상도동 17-62,서울,동작구
609,상도점(올리브치킨)(6),서울특별시 동작구 양녕로 184 (상도동) 1층,서울특별시,동작구
610,상모사곡점,경북 구미시 상모동 신세계타운2단지 901-105,경북,구미시
611,상암점,서울 마포구 상암동 1000~1599 1462번지,서울,마포구
612,상일점,서울특별시 강동구 상일동 276,서울특별시,강동구
613,상주2점,경상북도 상주시 삼백로 177 (복룡동),경상북도,상주시
614,상현점,"경기도 용인시 수지구 수지로 70-1 (상현동, 동원한의 ",경기도,용인시
615,샘터행복점,"경기도 고양시 덕양구 중앙로557번길 7-20 (행신동,  1층 103호",경기도,고양시
616,생연점,경기도 동두천시 생골로 24 (생연동) 104호,경기도,동두천시
617,서교점(cafe)(2),서울특별시 마포구 월드컵북로5길 22 (서교동) 1층,서울특별시,마포구
618,서귀포신시가지점,"제주특별자치도 서귀포시 신서귀로 11 (법환동, 서호 ",제주특별자치도,서귀포시
619,서산성연점(올리브카페),충청남도 서산시 성연면 성연5로 46 상가동 201호,충청남도,서산시
620,서산음암점,충청남도 서산시 음암면 도당가금말길 55 (1층),충청남도,서산시
621,서산점,충남 서산시 대산읍 기은리 592-23,충남,서산시
622,서산지곡점,충남 서산시 지곡면 충의로 762-78 늘푸른오스카빌아 (늘푸른오스카빌아파트상가동216호),충남,서산시
623,서산호수공원점,충청남도 서산시 호수공원11로 35 (읍내동) ,충청남도,서산시
624,서울대글로벌공학관점,"서울특별시 관악구 관악로 1 서울대학교 39-218(신림동,글로벌공학교육센터)",서울특별시,관악구
625,서울대점,서울 관악구 봉천7동 1609-5 1층,서울,관악구
626,서울대캠퍼스점(cafe직영),서울 관악구 신림동 산 56-1 번지 서울대공과대학 해동관지하1층,서울,관악구
627,서초2점(3),서울 서초구 서초동 1510-10 화원그랑빌 108,서울,서초구
628,서초3점,서울 서초구 서초동 1334 신동아상가 105호,서울,서초구
629,서초점,서울 서초구 반포동 740-17 1층,서울,서초구
630,서초타워점,"서울특별시 서초구 중앙로 582 (우면동) 101(우면동,서초타워)",서울특별시,서초구
631,서판교산운마을점,"경기도 성남시 분당구 운중로 131 (운중동, 스타식스  1층 103호, 104호 (운중동)",경기도,성남시
632,서화천도리점,강원도 인제군 서화면 금강로 1759-1 ,강원도,인제군
633,석계모아점,경남 양산시 상북면 석계리 34-43,경남,양산시
634,석계점,서울 성북구 석관동 10번지   두산A상가 126호,서울,성북구
635,석수역점,"경기도 안양시 만안구 연현로 103 1층 107호 (석수동,석수두산위브상가)",경기도,안양시
636,석촌2점,서울 송파구 석촌동 156-6,서울,송파구
637,선운지구점,"광주 광산구 선운로20번길 60 (선암동, 1층)",광주,광산구
638,선유리점,경기도 파주시 문산읍 사임당로 44 선유프라자나동2호,경기도,파주시
639,성남금광점(Cafe),경기 성남시 중원구 금광동 2889 1층,경기,성남시
640,성남수진점(2명변),경기 성남시 수정구 수진동 3395-2번지 1층,경기,성남시
641,성남시청점,경기 성남시 중원구 여수동 201 103호 ,경기,성남시
642,성남신흥점,경기 성남시 수정구 산성동 1466,경기,성남시
643,성남중앙점,경기도 성남시 중원구 광명로 242-3 (중앙동) 1층,경기도,성남시
644,성남태평점,경기 성남시 수정구 태평2동 3196번지,경기,성남시
645,성내점,"서울특별시 강동구 풍성로 141 (성내동) 성내동, 1층",서울특별시,강동구
646,성복점,"경기도 용인시 수지구 성복2로76번길 25-30 (성복동,  지하1층",경기도,용인시
647,성북스타2호점,서울 종로구 창신동 22-3 1층,서울,종로구
648,성북스타3호점(올리브카페)(명변),서울특별시 성북구 동소문로23길 4 1층(동선동4가),서울특별시,성북구
649,성북장위점(올리브카페),"서울특별시 성북구 월계로40길 7 (장위동, 센트럴타운 105호",서울특별시,성북구
650,성산점,"서울특별시 마포구 월드컵로32길 35 (성산동) 101(성산동,1층)",서울특별시,마포구
651,성서이곡희망점,대구 달서구 이곡1동 한샘타운 상가 102 ,대구,달서구
652,성수2점,서울 성동구 성수1가2동 13-78,서울,성동구
653,성수3점,"서울특별시 성동구 성덕정길 59 (성수동1가,1층) ",서울특별시,성동구
654,성주점(올리브치킨3)(2),경상북도 성주군 성주읍 성주읍2길 13-9 ,경상북도,성주군
655,세검정점,서울 종로구 신영동 131-2,서울,종로구
656,세종고운점,세종특별자치시 마음로 272-9 (고운동) 강남빌딩 109호,세종특별자치시,마음로
657,세종도담점,"세종특별자치시 보듬3로 8-20 (도담동, 세종한신휴시 1층 128,129호",세종특별자치시,보듬3로
658,세종비즈니스센터점,"세종특별자치시 가름로 232 (어진동, 세종비즈니스센 A138호 A139",세종특별자치시,가름로
659,세종새롬점(올리브카페),"세종특별자치시 새롬중앙로 62-15 (새롬동, 해피라움W 1층 132,135호",세종특별자치시,새롬중앙로
660,세종소담점,"세종특별자치시 소담1로 12 (소담동, 지엘플렉스1) 1층 109호",세종특별자치시,소담1로
661,세종시1호점,"세종특별자치시 누리로 59 A상가 101호,102호(한솔동, 첫마을5단지)",세종특별자치시,누리로
662,세종시청점,"세종특별자치시 호려울로 29 (보람동, 세종시드니) 1층105호,106호",세종특별자치시,호려울로
663,세종아름점,"세종특별자치시 달빛로 109 (아름동, 범지기마을4단지 412동 101, 101-1호",세종특별자치시,달빛로
664,세종어진점(3)(cafe),"세종특별자치시 도움8로 81 (어진동, 세종일번가) 1동 A-203호",세종특별자치시,도움8로
665,세종종촌점(2)(express),"세종특별자치시 도움3로 159 (종촌동, 가재마을3단지) 상가동 1층 113호",세종특별자치시,도움3로
666,소래포구점(치킨앤비어),"인천광역시 남동구 소래역로46번길 20 (논현동, 로하 1층 107,108호",인천광역시,남동구
667,소사시온점,경기도 부천시 소사본동 409-1 (유성메트로) 1층 111호,경기도,부천시
668,속리산점,충청북도 보은군 속리산면 사내5길 6-8 ,충청북도,보은군
669,속초교동스타점,"강원도 속초시 미시령로3337번길 6-49 (교동, 현대1차 1층 105호",강원도,속초시
670,속초조양점,강원 속초시 조양동 1378~1499 1484-11,강원,속초시
671,속초청초호점(치킨앤비어),강원도 속초시 엑스포로 41 (조양동) 3~4층,강원도,속초시
672,송강점,대전광역시 유성구 테크노3로 60 (관평동) 1층 115호,대전광역시,유성구
673,송도라마다호텔BBQ타운점,"인천광역시 연수구 능허대로267번길 29 (동춘동) 106,107호",인천광역시,연수구
674,송도센트럴파크점,"인천광역시 연수구 컨벤시아대로42번길 61 (송도동,  817-104",인천광역시,연수구
675,송도신도시점,"인천광역시 연수구 컨벤시아대로274번길 15 (송도동,  상가동 1층 2호",인천광역시,연수구
676,송도첨단점(올리브치킨),"인천광역시 연수구 첨단대로 80 (송도동, 레지던스라 에이동 109-2호",인천광역시,연수구
677,송도캠퍼스타운점,인천 연수구 송도동 149 C동 203호 ,인천,연수구
678,송우점,경기 포천시 소흘읍 송우리 726-15번지 ,경기,포천시
679,송탄금호점,경기도 평택시 서정북로 87 (서정동) ,경기도,평택시
680,송파법조타운점,"서울특별시 송파구 법원로 114 (문정동, 엠스테이트) C동 225호",서울특별시,송파구
681,송파삼전점,"서울특별시 송파구 백제고분로28길 8 (삼전동,한양빌딩1층)",서울특별시,송파구
682,송파점,서울 송파구 송파동 100-1 1층,서울,송파구
683,수원곡선점,경기 수원시 권선구 권선동 1259-9,경기,수원시
684,수원구운점,경기 수원시 권선구 구운동 530-2,경기,수원시
685,수원권선점,경기 수원시 권선구 권선동 1049-12,경기,수원시
686,수원꽃뫼마을점,경기 수원시 팔달구 화서2동 685-3 101호,경기,수원시
687,수원당수점,경기 수원시 권선구 당수동    인정프린스 105호,경기,수원시
688,수원성대역점(올리브카페)(3),경기도 수원시 장안구 서부로2126번길 27 1층(율전동),경기도,수원시
689,수원성대점,경기 수원시 장안구 천천동 561-1 105호,경기,수원시
690,수원세류점(치킨앤비어),경기도 수원시 권선구 정조로388번길 6(세류동) 1층,경기도,수원시
691,수원시청점,경기도 수원시 팔달구 효원로 307번길 39 (효원동),경기도,수원시
692,수원신영통점,경기 화성시 반월동 신영통현대3차아파트 (301~311동) 3단지 상가 110호,경기,화성시
693,수원아이파크시티(올리브치킨)(2),"경기도 수원시 권선구 동수원로177번길 40 1층11호(권선동, 수원아이파크시티8단지)",경기도,수원시
694,수원영통1점,경기도 수원시 영통구 영통로 523 (영통동),경기도,수원시
695,수원영통벽적골점,경기 수원시 영통구 영통동 976-11,경기,수원시
696,수원우만1점,경기 수원시 팔달구 우만동 522,경기,수원시
697,수원정자행운점(cafe)(2),"경기도 수원시 장안구 정자천로189번길 40 (정자동,  분산상가동 101,102호",경기도,수원시
698,수원조암점,경기 화성시 우정읍 조암리 217-14번지,경기,화성시
699,수원조원점,경기도 수원시 장안구 경수대로 920 (조원동) 2층,경기도,수원시
700,수원지동점,경기 수원시 팔달구 지동 144-7,경기,수원시
701,수원천천점,경기 수원시 장안구 정자동 914 대림진흥상가 101호,경기,수원시
702,수원한일타운점,경기 수원시 장안구 송죽동 73 현광프라자 103,경기,수원시
703,수원화서2점,"경기도 수원시 팔달구 동말로25번길 96 (화서동,1층)",경기도,수원시
704,수유점,서울특별시 강북구 노해로23길 67 (수유동) 1층,서울특별시,강북구
705,순천법원점(까페),전남 순천시 왕지동 869-1,전남,순천시
706,순천신대점,전라남도 순천시 해룡면 신대로 119 (1층),전라남도,순천시
707,순천오천점,전라남도 순천시 오천7길 28 (오천동) 1층 101호,전라남도,순천시
708,숭실대점,서울 동작구 상도1동 347,서울,동작구
709,시랄라워터파크점(특화)(사변),"서울특별시 영등포구 문래로 164 (문래동3가, 영등포  제비 201호, 제비 202호",서울특별시,영등포구
710,시화베니키아호텔점,"경기도 시흥시 평안상가4길 21 (정왕동, 시흥관광호텔 A동 1,2층",경기도,시흥시
711,시화정왕2호점,"경기도 시흥시 서촌상가3길 17 (정왕동, 명지프라자) ",경기도,시흥시
712,시화정왕점,경기 시흥시 정왕동 1866-6 ,경기,시흥시
713,시화함현마을점,경기 시흥시 정왕동 1879-5 ,경기,시흥시
714,시흥능곡점,경기 시흥시 능곡동 747 광장프라자 103호,경기,시흥시
715,시흥대야점,"경기도 시흥시 비둘기공원7길 39 (대야동, 트윈프라자 A-107",경기도,시흥시
716,시흥목감점(올리브카페),경기도 시흥시 산현마을길 50 목감레이크타워 1층 106호,경기도,시흥시
717,시흥본점,"서울특별시 금천구 시흥대로 150 (시흥동,지상1층)",서울특별시,금천구
718,시흥연성점,경기도 시흥시 장곡로 23 (장곡동) 106호 일부,경기도,시흥시
719,시흥월곶점,경기 시흥시 월곶동 1009-2번지 월곶중앙프라자 104호,경기,시흥시
720,시흥은행점,"경기 시흥시 은행로 152, 104",경기,시흥시
721,신공항점,"인천광역시 중구 신도시남로141번길 5-12 (운서동, 화 1층 108호, 109호",인천광역시,중구
722,신길거모점,경기도 안산시 단원구 중앙대로 415 (신길동) 105호,경기도,안산시
723,신길사러가점,"서울특별시 영등포구 신길로39길 4,(신길동, 지상1층) 1층",서울특별시,영등포구
724,신길점,서울 영등포구 신길1동 463-36,서울,영등포구
725,신남태준점,강원도 인제군 남면 신남로 90 ,강원도,인제군
726,신내점(올리브치킨3),서울특별시 중랑구 신내로7가길 10 1층(신내동),서울특별시,중랑구
727,"신당2점(타변,올리브치킨)","서울시 중구 다산로36길 11,1층(신당동) 304-585",서울시,중구
728,신당점,서울 중구 무학동 58,서울,중구
729,신대방1점(3명변),서울 동작구 신대방동 605-11,서울,동작구
730,신대부적행운점(2)(올리브치킨),경상북도 경산시 대학로 332 (조영동) 1층 101호,경상북도,경산시
731,신도림역점,서울 구로구 신도림동 338번지 푸르지오 2차상가,서울,구로구
732,신도림점,서울 구로구 신도림동 396-23번지,서울,구로구
733,신림3점,"서울특별시 관악구 남부순환로143길 26 (신림동,1층) ",서울특별시,관악구
734,신림5점,서울특별시 관악구 관천로11길 152 (신림동) ,서울특별시,관악구
735,신림신원점(cafe),서울 관악구 신림동 1636-35 영신상가,서울,관악구
736,신림점,"서울특별시 관악구 신림로 122 (신림동,1층)",서울특별시,관악구
737,신림중앙점(치킨앤비어),"서울특별시 관악구 호암로24길 68 (신림동, 지하1층) ",서울특별시,관악구
738,신매탄점(2),"경기도 수원시 영통구 매탄로 142 (매탄동, 양성프라 102호",경기도,수원시
739,신방화점,서울 강서구 방화동 187-45 1층,서울,강서구
740,신사2동점,서울 은평구 신사동 343-33번지 1층,서울,은평구
741,신사점,서울 강남구 신사동  561-22,서울,강남구
742,신서혁신점(올리브치킨),대구광역시 동구 메디밸리로 5-21 (대림동) 1층 103호,대구광역시,동구
743,신양정점,부산광역시 부산진구 연수로 24 (양정동) 1층,부산광역시,부산진구
744,신월뉴타운점,"서울특별시 양천구 신월로15길 7 (신월동,길성아파트상가(107-108))",서울특별시,양천구
745,신월성올리브점,대구광역시 달서구  조암남로 38 101,대구광역시,달서구
746,신천대구공고,대구광역시 동구 송라로 82 (신천동) ,대구광역시,동구
747,쌍문중앙점,서울 도봉구 쌍문3동 341~342 342-3번지,서울,도봉구
748,쌍문행복점,서울 도봉구 쌍문동 262-2,서울,도봉구
749,아산청솔점,충남 아산시 장존동 305-7 청솔아파트상가 203-1호,충남,아산시
750,아산탕정점,충청남도 아산시 탕정면 탕정면로8번길 3-12 ,충청남도,아산시
751,아쿠아리우스리조트점,경상남도 거제시 사등면 거제대로 5697-6 (유원빌리지 ,경상남도,거제시
752,안국점,서울특별시 종로구 창덕궁길 84 (원서동) ,서울특별시,종로구
753,안동옥동송현점,경북 안동시 옥동 789-13,경북,안동시
754,안동용상점(올리브치킨),경상북도 안동시 중들4길 11-7 (용상동) 1층,경상북도,안동시
755,안동태화점(올리브치킨),경상북도 안동시 경동로 404-35 1층(태화동),경상북도,안동시
756,안산고잔1동점,경기 안산시 단원구 고잔1동 661-4 녹원상가 101호,경기,안산시
757,안산고잔금강점,"경기도 안산시 상록구 중보로 22 (사동, 늘푸른아파트 늘푸른아파트상가 401동 104호",경기도,안산시
758,안산고잔점,경기 안산시 단원구 고잔2동 670-1 주공7단지 상가 마동 102호,경기,안산시
759,안산고잔중앙점,"경기도 안산시 단원구 광덕2로 193-11 (고잔동, 창진 109호",경기도,안산시
760,안산대부도점,경기도 안산시 단원구 대부중앙로 123 (대부동동) 1층일부,경기도,안산시
761,안산반월점,경기 안산시 상록구 건건동 645-13 1층,경기,안산시
762,안산본오점,경기 안산시 상록구 본오3동 879-16 신안2차상가 114호,경기,안산시
763,안산사동점(cafe),경기 안산시 상록구 사동 1398-5번지 102호,경기,안산시
764,안산선부2점,경기 안산시 단원구 선부2동 1070-11 동양빌딩101호,경기,안산시
765,안산선부점,경기도 안산시 단원구 선부로 165 (선부동) 1층 101호,경기도,안산시
766,안산원곡라성점,경기 안산시 단원구 원곡동 846-4 베스트프라자 1층 120호,경기,안산시
767,안산원곡점,경기 안산시 단원구 원곡동 761-4,경기,안산시
768,안산월피점(4)(올리브치킨),경기도 안산시 상록구 충장로 596 1층(월피동),경기도,안산시
769,안산일동점,경기 안산시 상록구 일동 85-6번지  1층,경기,안산시
770,안산초지점(올리브치킨),"경기도 안산시 단원구 초지로 90 (초지동, 태영프라자 ",경기도,안산시
771,안성공도점,경기도 안성시 공도읍 공도3로 16 101,경기도,안성시
772,안성금산점,경기 안성시 금산동 81-2번지 주은아파트상가 b-103,경기,안성시
773,안성원곡점(읍면.유변.명변),경기도 안성시 원곡면 가천중앙3길 14 ,경기도,안성시
774,안성점,경기 안성시 아양동 300-1 아양주공상가 103호,경기,안성시
775,안양4점,경기도 안양시 만안구 냉천로 161 (안양동) ,경기도,안양시
776,안양관양점,경기 안양시 동안구 관양동 1387-23 지상1층,경기,안양시
777,안양덕천점,경기 안양시 만안구 안양동 1380 주공뜨란채상가 106호,경기,안양시
778,안양비산중앙점,경기 안양시 동안구 관양동 1586 111호,경기,안양시
779,안양석수점(3)(명변2),경기 안양시 만안구 석수2동 294~314 304-23,경기,안양시
780,안양예술공원점,경기도 안양시 만안구 예술공원로 73 (안양동) 1층,경기도,안양시
781,안양인덕원점,경기 안양시 동안구 관양동 1508-5,경기,안양시
782,안양충훈본점(올리브카페)(6),"경기도 안양시 만안구 와룡로 21-1 (석수동, 지상1층) ",경기도,안양시
783,안양코암호텔점,경기 안양시 만안구 안양동 431-10,경기,안양시
784,안양평촌1점,경기 안양시 동안구 평촌동 897-5번지,경기,안양시
785,안양평촌향촌점,경기 안양시 동안구 평촌동 341-1,경기,안양시
786,안양호계점,경기 안양시 동안구 호계동 990-4 1층,경기,안양시
787,안중점,경기도 평택시 안중읍 안현로서9길 161 102(정동빌딩),경기도,평택시
788,암사2점,서울 강동구 천호동 243-18 1층,서울,강동구
789,암사본점,서울특별시 강동구 올림픽로 786 (암사동) ,서울특별시,강동구
790,암사스타점,서울 강동구 암사동 암사동 447-7 ,서울,강동구
791,압구정스타점,서울 강남구 신사동 634-16 ,서울,강남구
792,압구정점(올리브치킨),"서울특별시 강남구 압구정로 309 B동 1층 110호(압구정동, 주구센터)",서울특별시,강남구
793,양산범어신도시점,경상남도 양산시 물금읍 화합4길 11-6 1층,경상남도,양산시
794,양산북정점,"경상남도 양산시 북정중앙로 32 (북정동, GNB영어학원 1층",경상남도,양산시
795,양산서창점,경상남도 양산시 연호9길 18-2 (삼호동) ,경상남도,양산시
796,양산신도시점,경남 양산시 중부동 689-1 골든글로리 상가,경남,양산시
797,양산어곡점,경남 양산시 어곡동 9-3번지 로얄빌상가 지하 105호,경남,양산시
798,양산평산점,경남 양산시 평산동 496-3,경남,양산시
799,양성점,경기 안성시 양성면 동항리 369,경기,안성시
800,양수리점,경기도 양평군 양서면 양수로 153 ,경기도,양평군
801,"양양쏠비치점(올떡,초대마왕,치킨&비어)(명변)",강원도 양양군 손양면 선사유적로 678 (대명쏠비치호 이스탄샤C,강원도,양양군
802,양양하조대점(express4),강원도 양양군 현북면 하조대1길 54 (토크쇼) ,강원도,양양군
803,양재점,"서울 강남구 도곡1동 950-6, 102호",서울,강남구
804,양재주암점,서울특별시 서초구 매헌로 36 (양재로) 2층,서울특별시,서초구
805,양주고읍점(2)(cafe),"경기도 양주시 고읍남로 23 131호(광사동, 메가시티프라자)",경기도,양주시
806,양주광적점,경기도 양주시 광적면 삼일로 4 103,경기도,양주시
807,양주덕계점,경기 양주시 덕계동 456-1,경기,양주시
808,양주덕정점,"경기도 양주시 회정로109번길 47 (덕정동, 명진빌라) 102(덕정동,A동)",경기도,양주시
809,양주옥정중앙점(올리브카페),경기도 양주시 옥정로 226 (옥정동) 115호,경기도,양주시
810,양주은현점,경기도 양주시 은현면 은현로 69 ,경기도,양주시
811,양주장흥점,경기도 양주시 장흥면 가마골로 40-8 우남송추마을아 ,경기도,양주시
812,양천구청점,"서울특별시 양천구 목동서로 400 (신정동, 목동10단지 103호,목동10단지A상가)",서울특별시,양천구
813,양평강상점,경기 양평군 강상면 병산리 753 101호 ,경기,양평군
814,양평개군점,경기 양평군 개군면 부리 453-47,경기,양평군
815,양평서종점,경기도 양평군 서종면 북한강로 769 ,경기도,양평군
816,양평용문점,경기도 양평군 용문면 다문중앙1길9-2 1층,경기도,양평군
817,양평지평점,경기도 양평군 지평면 지평의병로 83 ,경기도,양평군
818,양평청운점,경기 양평군 청운면 용두1리 717-7,경기,양평군
819,여수돌산점,전라남도 여수시 돌산읍 강남8길 13 ,전라남도,여수시
820,여수문수점,전남 여수시 문수동 114-3,전남,여수시
821,여수봉산점,전라남도 여수시 봉산서3길 21 (봉산동) 2층,전라남도,여수시
822,여수신기행운점,전라남도 여수시 흥국로 91 (신기동) 나동,전라남도,여수시
823,여수웅천점,전라남도 여수시 웅천7길 11 (웅천동) ,전라남도,여수시
824,여수죽림점,전라남도 여수시 소라면 죽림리 1226-6번지 ,전라남도,여수시
825,여수학동점,전라남도 여수시 도원로 270 (학동) 104호,전라남도,여수시
826,여의도역아일렉스점,"서울특별시 영등포구 의사당대로 108 (여의도동, 아일 지하1층 F01호",서울특별시,영등포구
827,여의도역점,서울 영등포구 여의도동 35-2 백상빌딩 101호,서울,영등포구
828,여의도점,"서울특별시 영등포구 국제금융로7길 32 (여의도동,1층3호)",서울특별시,영등포구
829,여의도점(치킨&비어+참숯)(명변),"서울특별시 영등포구 국제금융로2길 37 (여의도동, S- B103호",서울특별시,영등포구
830,여주금사점,경기 여주군 금사면 이포리 185-25,경기,여주군
831,여주대점,경기도 여주군 여주읍 세종로 351-6 ,경기도,여주군
832,여주스타점,경기도 여주군 여주읍 세종로 145-7 ,경기도,여주군
833,여주현암점,"경기도 여주시 현암2길 10 (현암동) 1,2층",경기도,여주시
834,역곡역점,"경기도 부천시 원미구 부일로 702 (역곡동, 남영아파 상가동 105, 106호",경기도,부천시
835,역삼스타점(명변1)(프리미엄),"서울특별시 강남구 논현로 411 1층(역삼동, 남형빌딩)",서울특별시,강남구
836,역삼점,서울 강남구 역삼동 836-26,서울,강남구
837,연기보통점,세종특별자치시 연기면 공단로 180-40 (지하1층),세종특별자치시,연기면
838,연신내점,서울특별시 은평구 갈현로 246 (갈현동) 1층 중간호,서울특별시,은평구
839,연희점,서울특별시 서대문구 연희로 87 (연희동) 1층,서울특별시,서대문구
840,염창점,서울특별시 강서구 양천로 623 (염창동) 1층,서울특별시,강서구
841,영광홍농점(펀앤정),전남 영광군 홍농읍 상하리 480-1번지,전남,영광군
842,영동학산점,충북 영동군 학산면 서산리 817-3,충북,영동군
843,영등포본점(2)(cafe),"서울특별시 영등포구 영중로 65 (영등포동6가, 1층) ",서울특별시,영등포구
844,영등포점,서울 영등포구 영등포동8가 75-6,서울,영등포구
845,영등포중앙점,서울 영등포구 영등포동3가 7-25 델리타운 101,서울,영등포구
846,영월점,강원도 영월군 영월읍 하송로 72 ,강원도,영월군
847,영종하늘도시점,"인천광역시 중구 하늘중앙로195번길 23 (중산동, 하늘 103호",인천광역시,중구
848,영종행복점,인천광역시 중구 넙디로 56 101호(운서동) ,인천광역시,중구
849,영천망정점,경북 영천시 야사동 132-7,경북,영천시
850,영천시청점(cafe),경북 영천시 문외동 40-1번지,경북,영천시
851,영천창신점(올리브카페),경상북도 영천시 언하공단로 95 (망정동) ,경상북도,영천시
852,영화행복점,"경기도 수원시 장안구 장안로7번길 18 (영화동) 영화동, 102호, 103호",경기도,수원시
853,예산광시점,충청남도 예산군 광시면 예당로 165-5 1층,충청남도,예산군
854,오금점,"서울특별시 송파구 위례성대로20길 8 (오금동, 광승빌 1층",서울특별시,송파구
855,오남점,경기도 남양주시 오남읍 진건오남로 698 105,경기도,남양주시
856,오류2점,서울특별시 구로구 오류로 54 (오류동),서울특별시,구로구
857,오목교점,서울 양천구 목1동 405-350,서울,양천구
858,오산궐동점,경기 오산시 궐동 626-4 1층,경기,오산시
859,오산시청점(올리브치킨),"경기도 오산시 성호대로 123 (오산동, 오산그린프라자 107-1호",경기도,오산시
860,오창본점(P-cafe)(3),충청북도 청주시 청원구 오창읍 과학산업2로 383 1층(파크에비뉴2),충청북도,청주시
861,오천중앙점,경북 포항시 남구 오천읍 용덕리 350-1,경북,포항시
862,옥곡백천점,경상북도 경산시 경산로15길 1-14 (옥곡동),경상북도,경산시
863,옥과점(express3),전라남도 곡성군 옥과면 대학로 147 ,전라남도,곡성군
864,옥수점,서울 성동구 옥수동 243 2층,서울,성동구
865,옥정호수공원점(올리브치킨),경기도 양주시 옥정동로 187 (옥정동) 106호,경기도,양주시
866,옥포점,대구광역시 달성군 옥포면 돌미상업로1길 25 103호,대구광역시,달성군
867,온양권곡점,충남 아산시 권곡동 205-1 청솔아파트상가 106,충남,아산시
868,와수점(펀&정),강원 철원군 서면 와수리 1141-1번지,강원,철원군
869,와우리점,"경기도 화성시 효행로 229-9 (기안동) 기안동, 광도와이드빌상가 102호",경기도,화성시
870,완도고금점,전라남도 완도군 고금면 고금동로 21-1 ,전라남도,완도군
871,완도보길도점(2)(올리브치킨),전남 완도군 보길면 청병길 10,전남,완도군
872,완도청산점,전남 완도군 청산면 도청리 943-23번지,전남,완도군
873,완주봉동행운점,전라북도 완주군 봉동읍 둔산1로 116 1층,전라북도,완주군
874,왕십리행운점(2)(Express),"서울특별시 성동구 마장로 137 403동 1층 121호(상왕십리동, 텐즈힐아파트상가)",서울특별시,성동구
875,왜관점,경상북도 칠곡군 왜관읍 구상길 197 ,경상북도,칠곡군
876,용답답십리역점(cafe2),서울 성동구 용답동 56-11번지 1층,서울,성동구
877,용두점,"서울특별시 동대문구 정릉천동로 58 (용두동, 롯데캐 (용두동,롯데캐슬피렌체 107호)",서울특별시,동대문구
878,용산점,서울 용산구 용산동5가 24외 1필지 파크타워비14호,서울,용산구
879,용인공세점,경기 용인시 기흥구 고매동 359 동성아파트 제상가동 102호,경기,용인시
880,용인구갈점(express)(2),"경기도 용인시 기흥구 기흥로 18 (구갈동, 길부동산) ",경기도,용인시
881,용인구성점,경기 용인시 기흥구 마북동 409~475 475-1,경기,용인시
882,용인남사점(올리브카페),경기도 용인시 처인구 남사면 한숲로 84 6단지 상가동 1층 103호(e편한세상 용인 한숲시티),경기도,용인시
883,용인동백점,"경기도 용인시 기흥구 동백3로11번길 18 103,104호(중동, 로뎀빌딩)",경기도,용인시
884,용인동백호수점,경기 용인시 기흥구 동백동 619-3,경기,용인시
885,용인동천유타워점,"경기도 용인시 수지구 신수로 767 (동천동, 분당수지U B동 A-125호",경기도,용인시
886,용인둔전점,경기도 용인시 처인구 포곡읍 포곡로 82 (이바돔감자 1층,경기도,용인시
887,용인마북점,"경기도 용인시 기흥구 마북로 159 (마북동, 한성프라 111호",경기도,용인시
888,용인모현외대점,경기 용인시 처인구 모현면 왕산리 790-7 외 2필지,경기,용인시
889,용인보라점,"경기도 용인시 기흥구 한보라2로 5-5 (보라동) (보라동,B01호)",경기도,용인시
890,용인보정점,경기 용인시 기흥구 보정동 1266-6 현대휴먼프라자 106,경기,용인시
891,용인삼가역점,경기도 용인시 처인구 지삼로 610 (삼가동) 제1층,경기도,용인시
892,용인상갈점,경기 용인시 기흥구 상갈동 485-1,경기,용인시
893,용인상현행복점,"경기도 용인시 수지구 이현로 115 130(상현동,상현프라자)",경기도,용인시
894,용인신갈점,"경기도 용인시 기흥구 새천년로26번길 10 103(신갈동,반석프라자)",경기도,용인시
895,용인양지점,경기 용인시 처인구 양지면 양지리 573-5,경기,용인시
896,용인역북점,"경기 용인시 처인구 역북동 425-7, 1층",경기,용인시
897,용인죽전새터점,"경기도 용인시 수지구 죽전로 253-3 (죽전동, 경혁프 (죽전동,상생프라자101,102호)",경기도,용인시
898,용인죽전점,경기 용인시 수지구 죽전동 1261 도담마을우미이노스빌 제상가동 102호,경기,용인시
899,용인천리점,경기 용인시 처인구 이동면 천리 234-10,경기,용인시
900,용인청덕점,"경기 용인시 기흥구 청덕동 250-1 호반베르디움상가 106,107호",경기,용인시
901,용인풍덕천점,경기 용인시 풍덕천동 750번지,경기,용인시
902,우만점,경기 수원시 팔달구 우만동 96-6,경기,수원시
903,우면점,서울 서초구 양재동 111-5 양촌빌딩 1층,서울,서초구
904,우이공원점,서울특별시 강북구 삼양로 685 (우이동) ,서울특별시,강북구
905,우정혁신점,울산광역시 중구 종가4길 15 (유곡동) 오성프라자1층(울산우정혁신도시근생9블럭1-2롯트)),울산광역시,중구
906,운정2점,"경기도 파주시 청암로 14 (목동동, 산내마을8단지) ",경기도,파주시
907,운정스타점,경기도 파주시 가람로51번길 16-33 (와동동) ,경기도,파주시
908,운정한울점,"경기도 파주시 한울로 102 (동패동, 한울마을6단지 상 103호",경기도,파주시
909,울릉점,경상북도 울릉군 울릉읍 울릉순환로 218 ,경상북도,울릉군
910,울산구영점,울산 울주군 범서읍 구영리 807-3번지 3호,울산,울주군
911,울산남목점(올리브치킨),울산광역시 동구 미포1길 20 (동부동) 1층,울산광역시,동구
912,울산남외점,울산광역시 중구 남외1길 25 (남외동) ,울산광역시,중구
913,울산남창점,울산광역시 울주군 온양읍 대운길 21 (1층),울산광역시,울주군
914,울산달동점,울산 남구 달동 640-19번지,울산,남구
915,울산덕신점,울산광역시 울주군 온산읍 신온9길 61 1층,울산광역시,울주군
916,울산매곡중산점,울산 북구 매곡동 474-1번지 H프라자 1-109,울산,북구
917,울산명촌점,"울산광역시 북구 명촌11길 12 (명촌동,123B3L1층)",울산광역시,북구
918,울산무거점,울산 남구 무거동 1550-5번지,울산,남구
919,울산반구점,울산광역시 중구 화합로 365 (반구동) 1층(반구동),울산광역시,중구
920,울산병영행운점,울산광역시 중구 병영로 17 (남외동) ,울산광역시,중구
921,울산블루마시티점,울산 북구 산하동 89 블루마시티 서희스타힐스 상가동 ,울산,북구
922,울산삼산점(cafe),울산 남구 달동 1351-1 현우상가 102,울산,남구
923,울산서부점,울산 동구 서부동 181-49,울산,동구
924,울산성안혁신점,울산광역시 중구 성안로 156 (성안동) 1층,울산광역시,중구
925,울산야음점,울산광역시 남구 중앙로48번길 5 (신정동) ,울산광역시,남구
926,울산언양점,울산광역시 울주군 언양읍 남문길 27 ,울산광역시,울주군
927,울산염포양정점,울산광역시 북구 염포로 669(성원상떼빌) 상가동 108호,울산광역시,북구
928,울산옥동점,"울산광역시 남구 거마로 9 (옥동) 옥동, 1층",울산광역시,남구
929,울산우정점,울산 중구 우정동 436-117번지,울산,중구
930,울산일산점,울산광역시 동구 해수욕장3길 6 (일산동) ,울산광역시,동구
931,울산전하점,울산 동구 전하동 634-5 ,울산,동구
932,울산천곡아진점(cafe)(4),"울산광역시 북구 달천로 50 (달천동, 달천아이파크1차 상가동 B106호",울산광역시,북구
933,울산천상점,울산광역시 울주군 범서읍 천상중앙길 100-1 ,울산광역시,울주군
934,울산현대달동본점,울산광역시 남구 중앙로128번길 65 (달동) ,울산광역시,남구
935,울산호계신천점,울산광역시 북구 호계9길 15 (호계동) 1층,울산광역시,북구
936,울산화봉연암점,울산광역시 북구 두부곡4길 36 ,울산광역시,북구
937,울산화정점,울산 동구 대송동 140-20,울산,동구
938,울주삼남점,울산광역시 울주군 삼남면 중남1길 2-4 ,울산광역시,울주군
939,"울진본점(명변,올리브치킨)",경상북도 울진군 울진읍 연호로 27 (BBQ 울진본점) ,경상북도,울진군
940,울진온정점,경상북도 울진군 온정면 백암온천로 1275 ,경상북도,울진군
941,울진평해점,경상북도 울진군 평해읍 월송정로 143 ,경상북도,울진군
942,웅진플레이도시점,"경기도 부천시 원미구 조마루로 2 상동, 스포츠센타동1층 E102호,F106호 ",경기도,부천시
943,웅포베어리버,전북 익산시 웅포면 웅포리 172-9 3층,전북,익산시
944,원광대점(올리브카페),"전라북도 익산시 익산대로58길 23 (신동, 피플하우스) ",전라북도,익산시
945,원주개운점,강원도 원주시 단구로 243 (단구동) ,강원도,원주시
946,원주관설점(BBQ+닭2),강원 원주시 관설동 1455-5번지 1층,강원,원주시
947,원주구곡점,강원도 원주시  늘품로 45 늘품로 46,강원도,원주시
948,원주단계점,강원도 원주시 백간공원길 16-2 (단계동) 1층,강원도,원주시
949,원주명륜점(2),강원 원주시 명륜동 824-4번지,강원,원주시
950,원주무실스타점(프리미엄)(2),강원도 원주시 봉바위길 60 1층 (무실동),강원도,원주시
951,원주무실점,강원 원주시 무실동 1714번지 103호,강원,원주시
952,원주봉산점,강원 원주시 봉산동 902-202,강원,원주시
953,원주우산점(Express)(2),강원도 원주시 우산로 45 (우산동) 지상1층,강원도,원주시
954,원주일산점,"강원도 원주시 천사로 175 (일산동,1층)",강원도,원주시
955,원주태장점,강원도 원주시 흥양로18번길 35 (태장동) 1층 101호,강원도,원주시
956,원주혁신도시점,"강원도 원주시 입춘로 73 (반곡동) 1층 108호(반곡동, 채움빌딩)",강원도,원주시
957,원주흥업점,강원도 원주시 흥업면 남원로 85 ,강원도,원주시
958,원평스타점,경북 구미시 원평동 77-60 청산빌라 103호,경북,구미시
959,원효로점,서울 용산구 원효로4가 118-3 영천빌딩1층,서울,용산구
960,월곡역점,"서울특별시 성북구 화랑로 76 (하월곡동, 코업스타클 ",서울특별시,성북구
961,월피공원점,"경기도 안산시 상록구 예술광장1로 22 (월피동, 안산 1층 104",경기도,안산시
962,위례점,"경기도 성남시 수정구 위례광장로 41 (창곡동) 1층 113호(창곡동,지엠프라자)",경기도,성남시
963,위례중앙2호점,"경기도 성남시 수정구 위례광장로 310 (창곡동, 우성 ",경기도,성남시
964,위례중앙본점,"경기도 성남시 수정구 위례광장로 311 (창곡동, 위례3 상가동 2층 205호",경기도,성남시
965,율량2지구점(올리브카페),충청북도 청주시 청원구 율봉로 272 1층 103호(율량동),충청북도,청주시
966,은평뉴타운구파발점(Cafe),서울 은평구 진관동 106 은평뉴타운 마고정 동부센트레빌 301동 B104호,서울,은평구
967,음성대소점,충청북도 음성군 대소면 오태로137번길 5-12 ,충청북도,음성군
968,응암2점,서울 은평구 응암동 674-12 ,서울,은평구
969,응암점,서울 은평구 응암동 104-36 1층,서울,은평구
970,의성행복점,경북 의성군 의성읍 중앙길 84,경북,의성군
971,의왕갈뫼점(명변2),"경기도 의왕시 오리나무로 11 (내손동, 영원주택) 내손동812-1",경기도,의왕시
972,의왕고천점,경기 의왕시 오전동 387-2번지,경기,의왕시
973,의왕내손점,경기 의왕시 내손동 652-16,경기,의왕시
974,의왕오전점,경기 의왕시 오전동 104-10,경기,의왕시
975,의왕포일점,"경기도 의왕시 안양판교로 101 (포일동, 포일메디컬센 107",경기도,의왕시
976,의정부가능점,경기 의정부시 가능1동 667-20,경기,의정부시
977,의정부신곡점,"경기도 의정부시 금신로 323 (신곡동, 대영프라자빌딩 1층 108호",경기도,의정부시
978,의정부신곡중앙점,"경기도 의정부시 동일로 454번길 7(신곡동, 5층) ",경기도,의정부시
979,의정부용현점,경기도 의정부시 오목로15번길 24 1층 일부(용현동),경기도,의정부시
980,의정부점,경기 의정부시 의정부동 221-57 ,경기,의정부시
981,의정부호원점,경기도 의정부시 평화로190번길 5 (호원동) 2층,경기도,의정부시
982,이대점(올리브카페),"서울특별시 서대문구 이화여대5길 35 1층 115호(대현동,신촌영타운 지웰)",서울특별시,서대문구
983,이문동점,서울 동대문구 휘경동 183-386 나호,서울,동대문구
984,이천마장점,경기 이천시 마장면 오천로 12,경기,이천시
985,이천부발점,경기 이천시 부발읍 무촌리 224-2 1층,경기,이천시
986,이천송정점,"경기 이천시 송정동 375-2,9 금정프라자 1동 B103호",경기,이천시
987,이천신둔점,경기도 이천시 경충대로2996번길 54 (사음동) ,경기도,이천시
988,이천중리점,경기도 이천시 경충대로2586번길 31 (중리동) ,경기도,이천시
989,이천증포점,경기도 이천시 아리역로 25 (증포동) ,경기도,이천시
990,이촌점,"서울 용산구 이촌로75길 10-7,105 ",서울,용산구
991,익산동산점,"전라북도 익산시 서동로 126 (동산동, 탐나왕족발) ",전라북도,익산시
992,익산모현점,"전라북도 익산시 선화로6길 40-7 (모현동1가, 비젼빌 ",전라북도,익산시
993,익산부송점,전라북도 익산시 부송로 110 (부송동) 1층,전라북도,익산시
994,익산어양점(프리미엄)(명변),"전라북도 익산시 무왕로19길 32 (어양동, 학원 및 소 1층",전라북도,익산시
995,익산영등점,"전라북도 익산시 고봉로32길 40 (영등동, 조이미용실) ",전라북도,익산시
996,인사동점(올리브카페),서울특별시 종로구 인사동3길 37 (인사동) ,서울특별시,종로구
997,인제원통점,강원도 인제군 북면 원통로 179-1 ,강원도,인제군
998,인창점,"경기 구리시 인창동 640-1 엘지상가, 비비큐치킨",경기,구리시
999,인천가좌점(2)(올리브카페),인천광역시 서구 건지로348번길 27 (가좌동) ,인천광역시,서구
1000,인천간석역점,인천 남동구 간석4동 390-14,인천,남동구
1001,인천간석점,인천 남동구 간석3동 34-20번지,인천,남동구
1002,인천계산3점,인천 계양구 계산2동 916-5,인천,계양구
1003,인천계산점,인천광역시 계양구 용종로 2 ,인천광역시,계양구
1004,인천구월2점,인천 남구 주안동 1554-3번지,인천,남구
1005,인천구월점,"인천광역시 남동구 성리로35번길 20-1 (구월동,1층2호 ",인천광역시,남동구
1006,인천구월캐슬점,인천 남동구 구월동 24 롯데캐슬골드상가 201,인천,남동구
1007,인천논현2점,인천 남동구 논현동 593-9번지 논현프라자 101호,인천,남동구
1008,인천논현점,"인천광역시 남동구 호구포로 212 (논현동,대양프라자1층102호)",인천광역시,남동구
1009,인천단봉오류점,"인천광역시 서구 봉화로 18 (왕길동, 드림파크 어울림 209동 101호",인천광역시,서구
1010,인천당하점(express2)(2),"인천광역시 서구 청마로167번안길 17 (당하동, 선혜프 115호",인천광역시,서구
1011,인천도화점(올리브치킨),인천광역시 남구 숙골로 114 (도화동) 108호(우리타워),인천광역시,남구
1012,인천동양점,"인천광역시 계양구 당미길 43 (동양동, 외 13필지 동 ",인천광역시,계양구
1013,인천동춘점,"인천광역시 연수구 앵고개로254번길 19-6 (동춘동, 1층일부(1호))",인천광역시,연수구
1014,인천만수2점,인천 남동구 만수5동 912-12 ,인천,남동구
1015,인천문학점,인천광역시 남구 매소홀로 550-2 (문학동),인천광역시,남구
1016,인천부개점,인천 부평구 부개동 124-35번지  1층,인천,부평구
1017,인천산곡점,"인천광역시 부평구 원적로416번길 20 1층 103,104-1,104-2호(산곡동, 한신산곡상가)",인천광역시,부평구
1018,인천산곡행운점,인천광역시 부평구 원적로 291 (산곡동) 1층,인천광역시,부평구
1019,인천서구청점,인천광역시 서구 승학로 310 (연희동) 1층,인천광역시,서구
1020,인천서창점,인천 남동구 서창동 565-6 1층일부(102호),인천,남동구
1021,인천송림점,인천 동구 송림동 125-19번지,인천,동구
1022,인천신현점,인천 서구 신현동 278~295 280-4,인천,서구
1023,인천연수점,인천 연수구 동춘동 925번지 한양1차상가 113호,인천,연수구
1024,인천영흥점(명변1)(올리브치킨),"인천광역시 옹진군 영흥면 영흥로 158 101호, 102호",인천광역시,옹진군
1025,인천옥련점,인천 연수구 옥련동 371 지상1층 101호,인천,연수구
1026,인천용현점,인천 남구 용현동 556-58 101호 ,인천,남구
1027,인천인하대점,"인천 남구 용현동 35-7, 1층",인천,남구
1028,인천작전2점,인천 계양구 작전동 64-1 삼보아파트상가 A-106,인천,계양구
1029,인천작전역점,인천 계양구 작전동 871-60 1층 4호,인천,계양구
1030,인천제물포점,인천 남구 숭의4동 1-64,인천,남구
1031,인천주안북부점,인천 남구 주안동 14-51 1층,인천,남구
1032,인천주안점,인천 남구 주안동 88-3번지,인천,남구
1033,인천청라점,인천 서구 연희동 796-13 중흥클래스 2차상가 101호,인천,서구
1034,인천청천점,인천광역시 부평구 마장로 475 (청천동) ,인천광역시,부평구
1035,인천학익점,인천 남구 학익동 244-33,인천,남구
1036,인천효성점,"인천광역시 계양구 효서로 182 (효성동, 풍림아파트) 상가동 106호",인천광역시,계양구
1037,인하대역점(올리브카페),"인천광역시 남구 독배로 311 (용현동, 비젼프라자) 1층 101호",인천광역시,남구
1038,일산대화마을점,"경기 고양시 일산서구 대화동 1~1994 1580, 한라아파트상가동 107~108호",경기,고양시
1039,일산라페스타점,"경기도 고양시 일산동구 무궁화로 20-18 (장항동, 하 1층 107호",경기도,고양시
1040,일산문촌점,"경기 고양시 일산서구 주엽동 18번지 자유프라자 108,109호",경기,고양시
1041,일산백마점(Cafe),경기 고양시 일산동구 마두동 908 외1필 정발빌딩 1층 101호,경기,고양시
1042,일산백석역점(2),경기 고양시 일산동구 백석동 1318번지 일산비잔티움1단지상가 106호,경기,고양시
1043,일산백송점,"경기도 고양시 일산동구 백석로 177 101(백석동, 백송마을임광상가)",경기도,고양시
1044,일산식사지구점,경기도 고양시 일산동구 위시티4로 79 위시티일산블루 203,경기도,고양시
1045,일산원마운트점,"경기도 고양시 일산서구 한류월드로 300 (대화동,원마운트1층,1251호)",경기도,고양시
1046,일산중산행운점,"경기도 고양시 일산동구 탄중로 426 (중산동, 중산마 중산동,중산마을1층",경기도,고양시
1047,일산탄현점(1명변),경기 고양시 일산서구 탄현동 1491-5번지 1층,경기,고양시
1048,일산하늘마을점,"경기도 고양시 일산동구 하늘마을로 76  101(중산동,하늘마을제상가동)",경기도,고양시
1049,일산후곡점,"경기도 고양시 일산서구 강선로 141 (일산동, 후곡마 후곡마을 16단지 아파트 상가 119호",경기도,고양시
1050,일원삼성점(3)(점포이전),서울 강남구 수서동 747  삼성아파트상가 12호,서울,강남구
1051,임실스타점,전라북도 임실군 임실읍 호국로 1650 ,전라북도,임실군
1052,입장하장리점,충청남도 천안시 서북구 입장면 입장로 146 1층,충청남도,천안시
1053,자곡행운점(express)(직영점위탁),"서울특별시 강남구 자곡로 191 (자곡동, 강남푸르지오 지하 1층 B05호",서울특별시,강남구
1054,자양3점,"서울특별시 광진구 능동로 49 (자양동,1층)",서울특별시,광진구
1055,잠실스타점,서울 송파구 신천동 11 장미씨상가동1층 112호,서울,송파구
1056,잠실신천점,서울 송파구 잠실본동 233 번지  1층,서울,송파구
1057,잠실엘스점,"서울특별시 송파구 올림픽로 119 , 172(잠실동,지하1층)",서울특별시,송파구
1058,잠실파크리오점,서울 송파구 신천동 20-6 파크리오B상가 1층 105,서울,송파구
1059,장기수변점,"경기도 김포시 김포한강2로23번길 10 (장기동, 라베니 1층 121호 122호",경기도,김포시
1060,장기수변점2호점(분점),"경기도 김포시 김포한강2로 23번길 10, B118호 (장기 ",경기도,김포시
1061,장산역점(올리브카페),부산광역시 해운대구 해운대로 802 (웅신시네아트 B동 ,부산광역시,해운대구
1062,장성상무대점,전라남도 장성군 삼계면 사창로 57 ,전라남도,장성군
1063,장안행복점,서울특별시 동대문구 사가정로25길 60 (장안동) 1층,서울특별시,동대문구
1064,장호원행복점,경기도 이천시 장호원읍 샘재로147번길 7 ,경기도,이천시
1065,장흥일영점(점명변2장흥행복점express2),"경기도 양주시 장흥면 호국로 156 나동 2층 104호,105호",경기도,양주시
1066,적성점(3명변),경기 파주시 적성면 마지리 46-6번지,경기,파주시
1067,전곡점,경기 연천군 전곡읍 전곡리 468-4,경기,연천군
1068,전남강진점,전라남도 강진군 강진읍 보은로2길 36 ,전라남도,강진군
1069,전남곡성점,전라남도 곡성군 곡성읍 군청로 14 ,전라남도,곡성군
1070,전남광영점,전남 광양시 광영동 784-14,전남,광양시
1071,전남구례화엄사점,전남 구례군 마산면 황전리 842-17,전남,구례군
1072,전남나주시내점,전라남도 나주시 중앙로 7 (남내동) ,전라남도,나주시
1073,전남남부점,전남 순천시 장천동 85-81 101호(1층),전남,순천시
1074,전남남평점,전라남도 나주시 남평읍 남평1로 10 ,전라남도,나주시
1075,전남대불점,전남 영암군 삼호읍 용앙리 1661-6,전남,영암군
1076,전남대정문점,광주광역시 북구 자미로66번길 8 (신안동) 1층,광주광역시,북구
1077,전남미평점,전라남도 여수시  대학로 27 ,전라남도,여수시
1078,전남벌교점,전라남도 보성군 벌교읍 채동선로 223 1층,전라남도,보성군
1079,전남보성점(express),전남 보성군 보성읍 우산리 631-1 보성우산주공아파트 1층102호,전남,보성군
1080,전남순천금당점,전남 순천시 해룡면 상삼리 614-4,전남,순천시
1081,전남순천연향2점,전남 순천시 연향동 1613-2,전남,순천시
1082,전남연향점,"전라남도 순천시 연향번영4길 30 (연향동, 좋은친구들 1층",전라남도,순천시
1083,전남영광점,전라남도 영광군 영광읍 신남로 216 ,전라남도,영광군
1084,전남영암삼호점,전라남도 영암군 삼호읍 신항로 135-29 ,전라남도,영암군
1085,전남완도명사십리점,전라남도 완도군 신지면 명사십리길 71-3 ,전라남도,완도군
1086,전남완도행운점,전라남도 완도군 완도읍 개포로 175 ,전라남도,완도군
1087,전남장흥점,전라남도 장흥군 장흥읍 장흥로 16 ,전라남도,장흥군
1088,전남장흥점(올리브카페),전라남도 장흥군 장흥읍 장흥대로 3482 (월정빌딩) 1층,전라남도,장흥군
1089,전남조례점,전라남도 순천시 봉화2길 71 (조례동),전라남도,순천시
1090,전남진도점,전라남도 진도군 진도읍 남문길 42-2 ,전라남도,진도군
1091,전남해남점,전라남도 해남군 해남읍 북부순환로 204 ,전라남도,해남군
1092,전남화순점,"전라남도 화순군 화순읍 중앙로 93, 1층 ",전라남도,화순군
1093,전농점 Cafe,서울 동대문구 전농동 38-18,서울,동대문구
1094,전북봉동3공단점,전라북도 완주군 봉동읍 봉동로 326 ,전라북도,완주군
1095,전북순창점,전라북도 순창군 순창읍 옥천로 42 ,전라북도,순창군
1096,전북혁신점,전라북도 전주시 완산구 오공로 43-22 (중동) 108호,전라북도,전주시
1097,전주금암점,"전라북도 전주시 덕진구 조경단로 104 (금암동, 아가 1층",전라북도,전주시
1098,전주삼천점,전북 전주시 완산구 삼천동1가 657-8,전북,전주시
1099,전주서신점,"전라북도 전주시 완산구 여울로 109-9 (서신동, 엘지 제상가동 1층 102호(서신동)",전라북도,전주시
1100,전주송천점,전라북도 전주시 덕진구 오송1길 15 (송천동1가) 103호,전라북도,전주시
1101,전주신도시점,전북 전주시 완산구 효자동2가 1327-4,전북,전주시
1102,전주아중점,전라북도 전주시 덕진구 한배미로 16 (인후동1가),전라북도,전주시
1103,정관신도시점,부산 기장군 정관면 모전2길 22,부산,기장군
1104,정남점,경기 화성시 정남면 괘랑리 1051-1 번지,경기,화성시
1105,정릉중앙점,서울 성북구 정릉동 587번지 정릉꿈의그린 2단지 상가,서울,성북구
1106,정릉풍림스타점,"서울특별시 성북구 솔샘로25길 20 (정릉동, 정릉풍림 ",서울특별시,성북구
1107,정릉행복점,서울특별시 성북구 보국문로 83-1 (정릉동) 1층 (주)엘와이에프앤비,서울특별시,성북구
1108,정왕본동점,경기도 시흥시 정왕시장길 25 (정왕동) 1층 102호,경기도,시흥시
1109,정읍상동행운점,"전라북도 정읍시 충정로 16 (상동, 내장산빌딩) ",전라북도,정읍시
1110,정읍수성점(2)(올리브카페),"전라북도 정읍시 중앙로 131 (수성동, SHOW) ",전라북도,정읍시
1111,정자영화점,"경기도 수원시 장안구 장안로 52-1 (영화동, 음악자녀 1층",경기도,수원시
1112,제주남광점,제주특별자치도 제주시 오복4길 14 (이도이동) ,제주특별자치도,제주시
1113,제주남원점,제주특별자치도 서귀포시 남원읍 태위로679번길 12-1 ,제주특별자치도,서귀포시
1114,제주담모라리조트점,제주특별자치도 서귀포시 안덕면 사계리 745 ,제주특별자치도,서귀포시
1115,제주도남점,제주특별자치도 제주시 도남로 21-1 (도남동) ,제주특별자치도,제주시
1116,제주도두점,제주 제주시 도두1동 2538번지,제주,제주시
1117,제주봉개점,제주특별자치도 제주시 번영로 458 (봉개동) 1층,제주특별자치도,제주시
1118,제주삼도점,제주 제주시 삼도1동 537-16,제주,제주시
1119,제주삼무공원점,제주특별자치도 제주시 삼무로 40 (연동) 2층,제주특별자치도,제주시
1120,제주삼화점,제주특별자치도 제주시 화삼북로 143 (삼양이동) 1층,제주특별자치도,제주시
1121,제주서귀일호점,제주 서귀포시 서귀동 279-7,제주,서귀포시
1122,제주서홍점(올리브카페)(명변),제주특별자치도 서귀포시 중앙로 199 1층 상가4호(서홍동),제주특별자치도,서귀포시
1123,제주성산점,제주특별자치도 서귀포시 성산읍 고성오조로 71-1 ,제주특별자치도,서귀포시
1124,제주신연동점,제주 제주시 연동 1496번지 연화1로,제주,제주시
1125,제주아라점(cafe)(2),제주특별자치도 제주시 아란8길 (아라일동) 1층,제주특별자치도,제주시
1126,제주연동점,제주 제주시 연동 285-9,제주,제주시
1127,제주영어교육도시점(2)(올리브치킨3),제주특별자치도 서귀포시 대정읍 에듀시티로 40 1층,제주특별자치도,서귀포시
1128,제주외도점,제주 제주시 외도2동 250-1,제주,제주시
1129,제주용담점(3)(express),제주특별자치도 제주시 용담로 92 (용담이동) ,제주특별자치도,제주시
1130,제주월정점,제주 제주시 구좌읍 행원리 1537-5 ,제주,제주시
1131,제주이도초교점,제주특별자치도 제주시 청사로 86 (도남동) ,제주특별자치도,제주시
1132,제주인제점,제주특별자치도 제주시 고마로 65 (일도이동) 1층,제주특별자치도,제주시
1133,제주일도점(4),제주 제주시 일도2동 100-5번지,제주,제주시
1134,제주평화로점,제주특별자치도 제주시 애월읍 평화로 2157 상가-5(프시케월드1층),제주특별자치도,제주시
1135,제주하귀애월점,제주 제주시 애월읍 하귀2리 1863,제주,제주시
1136,제주한림점,제주특별자치도 제주시 한림읍 한림로 703 1층,제주특별자치도,제주시
1137,제주함덕점,제주 북제주군 조천읍 함덕리 1252-2,제주,북제주군
1138,제주협재점,제주특별자치도 제주시 한림읍 협재1길 44 1층,제주특별자치도,제주시
1139,제주화북점(올리브치킨),제주특별자치도 제주시 일주동로 197 (화북일동) 1층,제주특별자치도,제주시
1140,제천로즈웰점,충청북도 제천시 신백로 33 (신백동) ,충청북도,제천시
1141,제천장락점(CAFE),충북 제천시 장락동 431-38 1층 103,충북,제천시
1142,"조치원점(express,명변1)",세종특별자치시 조치원읍 섭골길 20 1동 1층 상가,세종특별자치시,조치원읍
1143,종로6가점(cafe),서울 종로구 종로6가 138-1번지,서울,종로구
1144,종로본점,서울특별시 종로구 청계천로 81 (관철동),서울특별시,종로구
1145,종암1동점(cafe),서울 성북구 종암동 84-39번지 1층,서울,성북구
1146,주문진점,강원도 강릉시 주문진읍 신리천로 56 ,강원도,강릉시
1147,죽전월드마크점,"대구광역시 달서구 와룡로 169 (감삼동, 월드마크웨스 1층 101-111호",대구광역시,달서구
1148,중계은행점,서울 노원구 중계동 366-10 중원코아빌딩 1층 105,서울,노원구
1149,중계중앙점,서울 노원구 중계동 360-15 건영A상가 107,서울,노원구
1150,중랑역점,"서울특별시 중랑구 중랑천로12길 45 (상봉동, 지앤지 2층",서울특별시,중랑구
1151,증산신도시점(2)(express),경상남도 양산시 물금읍 새실로 159 D동 109호(나래메트로시티),경상남도,양산시
1152,지리산온천점,"전라남도 구례군 산동면 지리산온천로 262 101호, 102호",전라남도,구례군
1153,지산행복점,대구광역시 수성구 지산로3길 69 (지산동) ,대구광역시,수성구
1154,지현예성점,충청북도 충주시 예성로 60-1 (지현동) ,충청북도,충주시
1155,직산삼은점(올리브치킨)(2),충청남도 천안시 서북구 직산읍 삼은3길 32 1층,충청남도,천안시
1156,진영신도시점(치킨앤비어),경상남도 김해시 진영읍 김해대로349번길 4-9 ,경상남도,김해시
1157,진월효덕점,광주광역시 남구 화산로31번길 23 (진월동) 1층 103호(효우빌딩),광주광역시,남구
1158,진접택지점(cafe),경기 남양주시 진접읍 금곡리 1081-1번지,경기,남양주시
1159,진주망경점,경남 진주시 망경동 69-54,경남,진주시
1160,진주문산점,경남 진주시 문산읍 월아산로 1083 1층,경남,진주시
1161,진주상봉점,경남 진주시 상봉동 802-1,경남,진주시
1162,진주상평점,경상남도 진주시 돗골로123번길 4 (상대동) ,경상남도,진주시
1163,진주이현점,경남 진주시 이현동 102-19,경남,진주시
1164,진주일반성점,경남 진주시 일반성면 창촌리 645-5,경남,진주시
1165,진주중앙점,경상남도 진주시 비봉로 54 (계동) ,경상남도,진주시
1166,진주초전점(2)(Express),경상남도 진주시 초전북로61번길 6-5 (초전동) 1층,경상남도,진주시
1167,진주충무공점,"경상남도 진주시 충의로 20-17 (충무공동, 가온누리) 107호",경상남도,진주시
1168,진주칠암점,경남 진주시 칠암동 동진로 20번길 25,경남,진주시
1169,진주평거점,"경상남도 진주시 새평거로 30 (평거동, 엠코타운 더프 ",경상남도,진주시
1170,진주하대점,경상남도 진주시 도동로 189 ,경상남도,진주시
1171,진천덕산점,충북 진천군 덕산면 용몽리 588,충북,진천군
1172,진해용원점,"경상남도 창원시 진해구 용원서로 38 용원동,송해빌딩105호106호",경상남도,창원시
1173,진해자은점(N)(express)(2),"경상남도 창원시 진해구 냉천로 106 (자은동, 성원아 상가동 105호",경상남도,창원시
1174,진해제덕점,경상남도 창원시 진해구 제덕로179번길 7 3동 1층,경상남도,창원시
1175,진해풍호점,경남 창원시 진해구 풍호동 305-8 마린푸르지오 상가 ,경남,창원시
1176,창동본점,서울특별시 도봉구 마들로11가길 15 (창동) 109호,서울특별시,도봉구
1177,창동점,"서울특별시 도봉구 도봉로136가길 73 (창동, 북한산한 104-106(창동,북한산한신휴플러스)",서울특별시,도봉구
1178,창원남양점,경상남도 창원시 성산구 가양로 90 (남양동) 1층,경상남도,창원시
1179,창원내동점,경남 창원시 내동 454-5 엑스포상가 108호,경남,창원시
1180,창원대방점(6)(명변),"경상남도 창원시 성산구 대암로 80 (대방동, 성원3차 성원3차상가 1층 131호",경상남도,창원시
1181,창원도계점,"경상남도 창원시 의창구 도계로60번길 7 (도계동, BBQ ",경상남도,창원시
1182,창원반송점,"경남 창원시 성산구 반송로 181, 2층 208호 BBQ창원반송점",경남,창원시
1183,창원북면점,경상남도 창원시 의창구 북면 천주로577번길 25  106(1층),경상남도,창원시
1184,창원사파점,경남 창원시 사파동 137-1 1층,경남,창원시
1185,창원상남스타점,"경상남도 창원시 성산구 중앙대로 90 (상남동, 디아트 1층 105호",경상남도,창원시
1186,창원상남점(express)(4),"경상남도 창원시 성산구 동산로72번길 16 (상남동, 명 1층 103호",경상남도,창원시
1187,창원신촌점,경남 창원시 신촌동 22-1 양곡상가 가동 101-2호,경남,창원시
1188,창원용호점,경상남도 창원시 의창구 창이대로478번길 16-21 (용호동),경상남도,창원시
1189,창원이동점,"경상남도 창원시 진해구 해원로 34 (이동, 예일빌딩) 102호",경상남도,창원시
1190,창원팔용점,경상남도 창원시 의창구 사화로 62 (팔용동) 1층,경상남도,창원시
1191,창전점,"서울특별시 마포구 서강로14길 5 (노고산동,1층)",서울특별시,마포구
1192,천안나사렛대점,"충청남도 천안시 서북구 나사렛대길 27 (쌍용동, 코지 101호",충청남도,천안시
1193,천안두정점,"충청남도 천안시 서북구 두정중7길 46 (두정동, 한성 1층 101 2호",충청남도,천안시
1194,천안목천점,충청남도 천안시 동남구 목천읍 충절로 767 102,충청남도,천안시
1195,천안백석점,충남 천안시 서북구 백석동 54-29 ,충남,천안시
1196,천안병천점,충청남도 천안시 동남구 병천면 아우내장터3길 2 ,충청남도,천안시
1197,천안성성본점(치킨앤비어),충청남도 천안시 서북구 성성9로 7 207호(성성동),충청남도,천안시
1198,천안성정점(치킨앤비어),충청남도 천안시 서북구 성정공원5로 37 1층 103호(성정동),충청남도,천안시
1199,천안신불당점(올리브카페),충청남도 천안시 서북구 불당32길 24 (불당동) 102호,충청남도,천안시
1200,천안차암점(올리브치킨),충청남도 천안시 서북구 3공단6로 58-5 (차암동) 1층 120호,충청남도,천안시
1201,천안청당점,충청남도 천안시 동남구 청수7로 3-1 (청당동) 1층,충청남도,천안시
1202,천안펜타포트점(올리브카페),충청남도 천안시 서북구 공원로 205 (불당동) 1층 114호,충청남도,천안시
1203,천왕역점,"서울특별시 구로구 오류로 30 (오류동, 천왕연지타운1 ",서울특별시,구로구
1204,천호점,서울 강동구 천호3동 169-35,서울,강동구
1205,철원동송점,강원 철원군 동송읍 이평리 683-24,강원,철원군
1206,첨단글로벌점(올리브치킨),"인천광역시 연수구 송도문화로28번길 28 201동, 1층 127호(송도동, 송도글로벌캠퍼스푸르지오)",인천광역시,연수구
1207,첨단신용점(프리미엄직영),광주광역시 북구 첨단연신로107번길 5 (신용동) ,광주광역시,북구
1208,청계목대점(올리브치킨),전남 무안군 청계면 도림리 311-19,전남,무안군
1209,청라타워점,"인천광역시 서구 청라커낼로260번길 7-19 (경서동,청라에이스프라자107호)",인천광역시,서구
1210,청룡점,서울 관악구 봉천동 1529-67,서울,관악구
1211,청원부용점(펀앤정),세종특별자치시 부강면 부강로 47 ,세종특별자치시,부강면
1212,청주금천점,충북 청주시 상당구  금천동 303,충북,청주시
1213,청주모충점,충청북도 청주시 흥덕구 모충로 79 (모충동) ,충청북도,청주시
1214,청주복대점,충북 청주시 흥덕구 복대동 2277번지,충북,청주시
1215,청주봉명점,충청북도 청주시 흥덕구 1순환로512번길 39 (봉명동) 1층,충청북도,청주시
1216,청주분평점,충북 청주시 흥덕구 분평동 1405,충북,청주시
1217,청주사직점,충청북도 청주시 흥덕구 창직로29번길 30 (사창동) ,충청북도,청주시
1218,청주사천점,충청북도 청주시 청원구 율천북로 53 (사천동) ,충청북도,청주시
1219,청주산남중앙점,충청북도 청주시 서원구 두꺼비로45번길 18 (산남동) 1층 101호(산남푸르지오),충청북도,청주시
1220,청주성안점,충북 청주시 상당구 석교동 33-7 2층,충북,청주시
1221,청주성화점(cafe)(2),충청북도 청주시 서원구 장전로20번길 16 (성화동) 1층,충청북도,청주시
1222,청주수곡점(올리브카페),충청북도 청주시 서원구 수곡로 63 1층 (수곡동),충청북도,청주시
1223,청주용암점(올리브치킨),충청북도 청주시 상당구 용암북로76번길 3 (용암동) 1층,충청북도,청주시
1224,청주율량점,"충청북도 청주시 청원구 율봉로176번길 55 (율량동,  ",충청북도,청주시
1225,청주풍광점,충청북도 청주시 흥덕구 풍산로47번길 57 (가경동) 1층,충청북도,청주시
1226,청주하복대점,"충청북도 청주시 흥덕구 짐대로 6 (복대동, 벽산아파 101호",충청북도,청주시
1227,추자점,제주특별자치도 제주시 추자면 추자로 14-4 ,제주특별자치도,제주시
1228,춘천강북점(올리브치킨),강원도 춘천시 충열로16번길 21-20 (우두동) 1층,강원도,춘천시
1229,춘천거두점(2)(올리브치킨3),강원도 춘천시 동내면 거두택지길 10 1층,강원도,춘천시
1230,춘천봄내행운점,강원도 춘천시 퇴계로 221 (석사동) 1층,강원도,춘천시
1231,춘천봄내행운점(올리브치킨),강원도 춘천시 퇴계로 221 (석사동) ,강원도,춘천시
1232,춘천석사점,강원 춘천시 퇴계동 971-2번지  1층,강원,춘천시
1233,춘천애막골점,강원도 춘천시 우석로85번길 20-6 (석사동) ,강원도,춘천시
1234,춘천온의점,강원 춘천시 온의동 650-30,강원,춘천시
1235,춘천장학지구점,강원도 춘천시 동면 춘천로449번길 20-2 ,강원도,춘천시
1236,춘천퇴계점(치킨앤비어),강원도 춘천시 행촌로 59 (퇴계동) 1층,강원도,춘천시
1237,춘천후평시장점,강원도 춘천시 춘천로296번길 6 (후평동) ,강원도,춘천시
1238,충남당진점,"충청남도 당진시 서부로 175 (채운동, BBQ치킨) 1층",충청남도,당진시
1239,충남대산점,충남 서산시 대산읍 대산리 119번지 대산종합상가내,충남,서산시
1240,충남덕산온천점(명변2.express),충청남도 예산군 덕산면 봉운로 27-2 ,충청남도,예산군
1241,충남도청점(올리브치킨),충청남도 홍성군 홍북읍 충남대로 24 (내포제나우스오 110호,충청남도,홍성군
1242,"충남동대점(타변,올리브카페)",충청남도 보령시 작은오랏3길 7 (동대동) ,충청남도,보령시
1243,충남둔포점,충남 아산시 영인면 백석포안길 24-5 BBQ 충남둔포점,충남,아산시
1244,충남배방점,충남 아산시 배방면 공수리 65-4,충남,아산시
1245,충남복운점,충남 당진시 송악읍 신복운로 7길 4(신성빌딩 1층),충남,당진시
1246,충남부여점,충청남도 부여군 부여읍 월함로 9 ,충청남도,부여군
1247,충남서산석남점,충남 서산시 석림동 673-9,충남,서산시
1248,충남서산예천점,충남 서산시 예천동 665-7,충남,서산시
1249,충남서산읍내점,충남 서산시 읍내동 255번지,충남,서산시
1250,충남서산점,충남 서산시 동문동 59-33,충남,서산시
1251,충남서천점,충남 서천군 서천읍 사곡리 271,충남,서천군
1252,충남석문점,충남 당진군 석문면 삼봉리 853-21,충남,당진군
1253,충남신창점,충청남도 아산시 신창면 온천대로 820 ,충청남도,아산시
1254,충남아산인주점,충남 아산시 인주면 밀두리 137-2,충남,아산시
1255,충남예산점,충남 예산군 예산읍 주교리 349-3번지,충남,예산군
1256,충남온양본점,충청남도 아산시 온중로54번길 7-4 ,충청남도,아산시
1257,충남웅천점,충청남도 보령시 웅천읍 장터중앙길 133-11 (한창약국 ,충청남도,보령시
1258,충남장항점,충청남도 서천군 장항읍 성주로 1 ,충청남도,서천군
1259,충남청양점,충청남도 청양군 청양읍 중앙로 84 ,충청남도,청양군
1260,충남태안남문점,충청남도 태안군 태안읍 중앙로 40-1 ,충청남도,태안군
1261,충남홍성본점,충남 홍성군 홍성읍 오관리 552-3번지 ,충남,홍성군
1262,충북광혜원점,충북 진천군 광혜원면 광혜원리 419~650 529-65,충북,진천군
1263,충북괴산점,충북 괴산군 괴산읍 동부리 646-3,충북,괴산군
1264,충북단양점,충북 단양군 단양읍 도전리 179번지,충북,단양군
1265,충북보은점,충청북도 보은군 보은읍 보은로 120 ,충청북도,보은군
1266,충북영동점(펀&정),충북 영동군 영동읍 계산리 695-7번지,충북,영동군
1267,충북오송점,"충청북도 청원군 오송읍 오송생명3로 87 모아미래도아 상가동 201,202호",충청북도,청원군
1268,충북오창과학단지점,충청북도 청주시 청원구 오창읍 구룡2길 67-3 ,충청북도,청주시
1269,충북옥천점,충청북도 옥천군 옥천읍 문장로 31 (2층 201호),충청북도,옥천군
1270,충북음성점,충북 음성군 음성읍 읍내리 479-13,충북,음성군
1271,충북증평점,충북 증평군 증평읍 신동리 15번지,충북,증평군
1272,충북진천점(올리브카페)(3),충청북도 진천군 진천읍 남산7길 7-1 1층 101호,충청북도,진천군
1273,충북혁신도시점,충청북도 음성군 맹동면 원중로 1404 미래빌딩,충청북도,음성군
1274,충주기업도시점(올리브치킨),충청북도 충주시 중앙탑면 원앙9길 15 A-1동 1층 123호 e편한세상충주,충청북도,충주시
1275,충주목행점,충북 충주시 목행동 536번지,충북,충주시
1276,충주연수행복점(3명변2),충청북도 충주시 번영대로 144 (연수동) ,충청북도,충주시
1277,충주용산점(express)(4),충청북도 충주시 금봉8길 1 (용산동) ,충청북도,충주시
1278,충주칠금점,"충청북도 충주시 금릉로 48 (칠금동, 상가동) 105호",충청북도,충주시
1279,칠곡학정점,대구광역시 북구 칠곡중앙대로118길 20 (읍내동) 104호,대구광역시,북구
1280,태백장성점,강원 태백시 장성동 150-13번지 4/1,강원,태백시
1281,태안안면점,충청남도 태안군 안면읍 장터로 114-20 ,충청남도,태안군
1282,태안원북점,충청남도 태안군 원북면 원이로 831-1 ,충청남도,태안군
1283,태장행운점(치킨앤비어2),강원도 원주시 치악로 2037 (태장동) ,강원도,원주시
1284,태전행복점(올리브치킨),"경기도 광주시 태봉로 174 (태전동) 지1층 104호(태전동, 힐스테이트 태전 1634)",경기도,광주시
1285,테스트매장,대구 달서구 월성동 270-1 주공4단지상가 가-106호,대구,달서구
1286,테크노행복점(올리브카페),"대구광역시 달성군 현풍면 테크노북로4길 27 (대구테 105호,106호",대구광역시,달성군
1287,통영도천점,"경상남도 통영시 도천상가안길 73 (도천동, 신한토탈 114호",경상남도,통영시
1288,통영미수봉평점,경상남도 통영시 해평1길 6-2 (봉평동),경상남도,통영시
1289,통영북신점,경상남도 통영시 장골로 25 (북신동) 지하2층 206호(북신동),경상남도,통영시
1290,통영안정점,경상남도 통영시 광도면 안정1길 55 (통영현대성우오 101호 2단지 상가(현대성우오스타),경상남도,통영시
1291,통영죽림점,경상남도 통영시 광도면 신죽1길 90 (죽림프라자) 105호,경상남도,통영시
1292,통영큐즈점,경남 통영시 무전동 1032-1 ,경남,통영시
1293,통일스타점,경기도 안양시 동안구 평촌대로427번길 60-8 (비산동) ,경기도,안양시
1294,파인타운점,"서울특별시 송파구 새말로6길 49 (문정동, 석재빌) 1층",서울특별시,송파구
1295,파장점,경기 수원시 장안구 파장동 588,경기,수원시
1296,파주금촌로데오점,"경기도 파주시 금빛로 24-9 (금촌동,조인원프라자2층 202호)",경기도,파주시
1297,파주문산점,경기도 파주시 문산읍 독산로 41-1 1층,경기도,파주시
1298,파주봉일천점,경기도 파주시 조리읍 봉천로 37-14 ,경기도,파주시
1299,파주야당점,경기도 파주시 경의로 1070 (야당동) ,경기도,파주시
1300,파주운정점,경기도 파주시 가람로 51번길 16-33 ,경기도,파주시
1301,파주LCD점,경기 파주시 탄현면 금승리 11번지 102호,경기,파주시
1302,파주lcd점(치킨앤비어)(3),경기도 파주시 월롱면 엘씨디로241번길 8-19 201호,경기도,파주시
1303,판교테크노밸리점(2)(치킨앤비어),"경기도 성남시 분당구 판교역로 231 121호 (삼평동, 에이치스퀘어 에스동)",경기도,성남시
1304,패밀리타운점,서울 송파구 문정동 150-25호 1층,서울,송파구
1305,평내1점,"경기도 남양주시 평내로29번안길 34 ,101(평내동,모던빌)",경기도,남양주시
1306,평산행복점,대구 서구 평리동 721-10,대구,서구
1307,평택고덕태평점,경기 평택시 고덕면 궁리 72-1번지 외 1필지,경기,평택시
1308,평택동삭점,경기도 평택시 서재로 43 (동삭동) 101호,경기도,평택시
1309,"평택비전점(점명변,비전중앙점,명변)","경기도 평택시 평남로  692, 1층(비전동)",경기도,평택시
1310,평택서정점,경기도 평택시 특구로27번길 25 (서정동),경기도,평택시
1311,평택세교점(cafe),경기 평택시 세교동 567-16번지,경기,평택시
1312,평택스타점,경기도 평택시 자유로 2 (평택동),경기도,평택시
1313,평택용이점,경기 평택시 용이동 464-6 101호 ,경기,평택시
1314,평택용죽지구점(올리브카페),경기도 평택시 용죽6길 5-122 1층(용이동),경기도,평택시
1315,평택이충점,경기도 평택시 추담로 58-78 (장안동) 2동 2층 202호,경기도,평택시
1316,평택칠원점,경기 평택시 칠원동 39-9,경기,평택시
1317,평택팽성점,경기도 평택시 팽성읍 부용로 31 1층 101호(국제빌딩),경기도,평택시
1318,평택포승점,경기도 평택시 포승읍 포승공단순환로 403 삼부르네상 상가-110,경기도,평택시
1319,포천가산점,경기도 포천시 가산면 선마로 238 ,경기도,포천시
1320,포천경복대점,경기도 포천시 신북면 신평로 168 ,경기도,포천시
1321,포천송우행운점,경기도 포천시 소흘읍 솔모루로 40 ,경기도,포천시
1322,포천운천점(올리브카페),경기도 포천시 영북면 운천로9번길 5 1층,경기도,포천시
1323,포천이동점(펀&정),경기 포천시 이동면 장암리 510-1번지,경기,포천시
1324,포천일동점,경기 포천시 일동면 기산리 91-151,경기,포천시
1325,포천중앙점,"경기 포천시 신읍동 191-35,37,38",경기,포천시
1326,포항남부점(cafe)(4),경상북도 포항시 남구 상대로 99 (상도동) ,경상북도,포항시
1327,포항대이점,경북 포항시 남구 대이로127번길 18-5 1층(이동),경북,포항시
1328,포항두호점,경상북도 포항시 북구 학전로 71 (두호동) 1층,경상북도,포항시
1329,포항법원점,경상북도 포항시 북구 법원로 175 (양덕동) 1층 104호,경상북도,포항시
1330,포항양학점,경상북도 포항시 북구 양학로 8 (학잠동) 1층,경상북도,포항시
1331,포항용흥점,경상북도 포항시 북구 새마을로 68 (용흥동) 101호,경상북도,포항시
1332,포항우현점(올리브치킨),경상북도 포항시 북구 중앙로 422 (우현동) 1층,경상북도,포항시
1333,포항원리행운점,경상북도 포항시 남구 오천읍 남원로 86-15 (포항원동 2동 1층 101호,경상북도,포항시
1334,포항죽대점(올리브카페),경상북도 포항시 남구 상공로 155 (대도동) 1층,경상북도,포항시
1335,포항중앙점(올리브카페),경상북도 포항시 남구 축항로 14 (해도동) 1층,경상북도,포항시
1336,포항창포점,경북 포항시 북구 창포동 627,경북,포항시
1337,포항효곡점(올리브치킨),경상북도 포항시 남구 효성로93번길 22-14 (효자동) 1층,경상북도,포항시
1338,포항흥해점,경상북도 포항시 북구 흥해읍 도음로 901 ,경상북도,포항시
1339,하남점,경기 하남시 신장동 96-3,경기,하남시
1340,하남풍산행복점,경기 하남시 덕풍3동 811-3,경기,하남시
1341,하대원점,경기 성남시 중원구 하대원동 132 ,경기,성남시
1342,하소왕암점,충청북도 제천시 소새로1길 37 (왕암동) ,충청북도,제천시
1343,하월곡점,서울 성북구 하월곡동 230 동일하이빌 뉴시티 136호,서울,성북구
1344,하중동점(치킨앤비어),"경기도 시흥시 연성로29번길 19 101호 (하중동, 외1필지)",경기도,시흥시
1345,학동역점(올리브카페),서울특별시 강남구 학동로34길 23 (논현동) 1층,서울특별시,강남구
1346,한강센트럴자이점(올리브카페),"경기도 김포시 태장로 845 (장기동, 한강센트럴자이1 101호",경기도,김포시
1347,한화지구점,"인천광역시 남동구 앵고개로815번길 20 (논현동, 소래 비상가동 1층 102호",인천광역시,남동구
1348,함안군북점(명변),경상남도 함안군 군북면 중암10길 20 ,경상남도,함안군
1349,합정스타점,"서울특별시 마포구 양화로8길 5 (서교동,소천빌딩1층)",서울특별시,마포구
1350,합천가야점,경상남도 합천군 가야면 가야시장로 74 ,경상남도,합천군
1351,햇빛점,경기 고양시 덕양구 행신동 948-1,경기,고양시
1352,행당점,서울특별시 성동구 무학봉길 53-1 (하왕십리동) 1층,서울특별시,성동구
1353,행운점,서울특별시 관악구 봉천로 567 1층(봉천동),서울특별시,관악구
1354,향남부영점(express)(2),경기도 화성시 향남읍 하길로 70 상가동 103호,경기도,화성시
1355,향남스타점,"경기도 화성시 향남읍 발안로 116 , 204(중앙프라자)",경기도,화성시
1356,현풍테크노폴리스점,대구광역시 달성군 유가면 현풍로47길 5 ,대구광역시,달성군
1357,형곡행복점,경북 구미시 형곡동 151-7 대림베스트빌 301동 105호,경북,구미시
1358,호계플라자,경기 안양시 동안구 호계동 933-25,경기,안양시
1359,호매실수변공원점(express)(2),경기도 수원시 권선구 서수원로523번길 12-18 1층(금곡동),경기도,수원시
1360,호텔리젠트마린점,"제주특별자치도 제주시 서부두2길 20 (건입동, 호텔리 ",제주특별자치도,제주시
1361,호평역점,경기 남양주시 호평동 658-3,경기,남양주시
1362,홍대반가점(치킨앤비어),서울특별시 마포구 어울마당로 131-1  1층(동교동),서울특별시,마포구
1363,홍대역점,서울 마포구 동교동 147-4 1층,서울,마포구
1364,홍은2점,서울 서대문구 홍은2동 277-28,서울,서대문구
1365,홍제점,서울 서대문구 홍제동 현대원@3구역상가 118호,서울,서대문구
1366,화곡1점,서울 강서구 화곡1동 358-10 ,서울,강서구
1367,화곡2점,서울 강서구 화곡4동 772-63,서울,강서구
1368,화곡3점,서울특별시 양천구 월정로 218 (신월동) 1층,서울특별시,양천구
1369,화명수정역점,부산광역시 북구 금곡대로 157 ,부산광역시,북구
